mono_mint,mirc_name,mirc_number
BNmPrebrQuhD6U7fJVJB5JeqicsWrPUFwitym7tB3kFg,"Exiled Ape #40",40
9URY9dkiiE3nWtHUhapfAW3TDJoRjsiZ31LXyJjMbHRF,"Exiled Ape #48",48
8Cpf4Y8w1q2jkPMuNJsKbhyvPCRJDSi1mkkyJtktAmqE,"Exiled Ape #59",59
91brwDpdB2XrQCUQJ6RXyDSLaFt5DhVZQLjjCUJuVX4s,"Exiled Ape #74",74
93XWBcFkqSREfcb52cSwNV2vg8LxTUxQ74PzQMDagDPV,"Exiled Ape #112",112
DqQaaLMHNzuUQegZBctQk7oCPkdBy3w42NdrxQgAnDTo,"Exiled Ape #122",122
BJ3XyYUR9qME3MWpZ8K7P6v2RtYEgrdQQMbEsBwHwPa8,"Exiled Ape #132",132
H1rbK3bgzCSzKoRZ1RCFFJ7ueUhGC1yax8xfcNxTyyKm,"Exiled Ape #144",144
6zzBfCybD9KZ6V3r8zYi5F4cPHZpVcFCy14c7Gpd1m61,"Exiled Ape #158",158
Hmku6PekEeizjFcawCrBvGwGbsMuBwuMFKZ6kG47iHES,"Exiled Ape #159",159
4zvBgBg9cEomBS69E1Q93Gz8ydAoUiVS16ssXpnTTNAd,"Exiled Ape #175",175
dsowemaB8yrvQUY8VjvSMkoaDhusdq5oKkYM5dwSkbw,"Exiled Ape #176",176
EGk88TW95HUfhzE1F29ZxYux7324GD5MBYA53jNTenY6,"Exiled Ape #205",205
6TsmiRtyyby96Cz5SbFYDT2dve9VPks3w5WdFScj345m,"Exiled Ape #247",247
4qY4Wj5czZegKXNqsXJY5eodBA5YVGbLpweMjyLC7pNn,"Exiled Ape #259",259
GwSSdFbVMSSwkSpY9iF9peg2A2fWFim2NmvwDTA5tnbQ,"Exiled Ape #274",274
Ce4gWyz4nwoXfsr6RovyzPC9E23iWCUgeP6tA9VDPv2i,"Exiled Ape #314",314
7rT6BHYq4yTuidWKkqFiLpbJBv1SdDaZ4dmVbqfAPGJn,"Exiled Ape #321",321
HYPCHo6ERMpzffeDh7HfRCF8jqgaoRLPJkTfNB7gyson,"Exiled Ape #335",335
5Y4e88yJjCCy5SUftbU6Nemq8dpYdUf8L5Y6hMELXQwW,"Exiled Ape #341",341
43fzyCojhCZegMCef6achvyCHbV9izG54RsK6jpqnVk2,"Exiled Ape #368",368
HWyKeBkwCSePnPx9pgNu2ybz3HAsD8QRDUkPQdR34FXA,"Exiled Ape #390",390
CVqrRJmmKdfmNHK9P6i5pTt9ghyitWEa5XSvtsvkQg9,"Exiled Ape #395",395
3jg231AxuqN7oU5UMVrafpbmaSQY3eVwuEBxnQxfBcxP,"Exiled Ape #443",443
5ijPCm1s8epSAxceSP3DRotJCe4yWirS98UGDTopr8oa,"Exiled Ape #457",457
4eUX7S6kG27D4UTKGoCRchiT981qrF3j7Y3NkZePyp67,"Exiled Ape #460",460
AFGVHeKM6fy2u5VzxXi8qenhzJLakttwDyS9jNLdei1N,"Exiled Ape #471",471
9DZ42hgSmGqDbShua1C6hiyx81vwQvb3CPDag86BPTSm,"Exiled Ape #489",489
AMn8FjSRokNE2YJDe8AwTropb5LwVFehttVP4yhe1bKd,"Exiled Ape #502",502
DsHQ59oGXkxAjdsUMbqxaJF4uDYxyithk3PupQhaSBFy,"Exiled Ape #511",511
