7SrvtjPHapJ964f1bTFvGSdg6kSAX8bgaeCpRZ3zupq8, CvdasGfQyvhraHw7k5B3kAtak8cS1LKgjQEP7TcDwCaK
6cZjSW9FFRFLYSUMK2diKQxmN3jg4VYabA8itrxMirNF, 5UGqBvTft1EJBVzu8ZMWxcx64W5J5sM49vYFXsBSebi4
7SrvtjPHapJ964f1bTFvGSdg6kSAX8bgaeCpRZ3zupq8, Bsskd7Qa1jLtSwvc3H8fks2XRrv5jX9qXh91Aa65xrY7
7SrvtjPHapJ964f1bTFvGSdg6kSAX8bgaeCpRZ3zupq8, HdcboAAJsM6Ud6K5Sknb8VN4bSW2DsZ45aymcYHfQLED
7SrvtjPHapJ964f1bTFvGSdg6kSAX8bgaeCpRZ3zupq8, Fg8vN7yyhMxvhnFGY59ZUofE9k1XDUNM7FtqRQEiCg3c
7SrvtjPHapJ964f1bTFvGSdg6kSAX8bgaeCpRZ3zupq8, Deva9TKrLRj8FwDcV9jLjKTn8D1AceU8MJSwjScyMZdA
8HCS6pWA1aqwWXfMeT7VsbqRSFEJyGZAdgSiTKEv8wi9, GcC8Yaq1WCuaEDKvZR7Nsm3oSeq1TwijFLonQf5Zosxu
47vp5BqxBQoMJkitajbsZRhyAR5phW28nKPvXhFDKTFH, 91NTVAtbcxhVSe7UBtz9CebwPHbQuzE8tDnWbUsWkRvq
6cZjSW9FFRFLYSUMK2diKQxmN3jg4VYabA8itrxMirNF, 34sSehPc3aXY1kYbL9grHBu4PppK2TVvYkCmKtetnJJt
6cZjSW9FFRFLYSUMK2diKQxmN3jg4VYabA8itrxMirNF, Cc7SC23m25UGNo9Z5CzK18c5zsURsm7HhERuuQrpSm62
6cZjSW9FFRFLYSUMK2diKQxmN3jg4VYabA8itrxMirNF, R2CeCRP71Y2jQnsFdNmEXmmvoykDrSWsebBZByvWSnS
7SrvtjPHapJ964f1bTFvGSdg6kSAX8bgaeCpRZ3zupq8, 3idwZd6MWKBBodweYX4wKqkvkQJeweKXjiPRzKwzRz9P
7SrvtjPHapJ964f1bTFvGSdg6kSAX8bgaeCpRZ3zupq8, BwMoM4V5YPhC5vKhriCcSwoQ6xD8EPARYqqw9ydaDRWa
6cZjSW9FFRFLYSUMK2diKQxmN3jg4VYabA8itrxMirNF, BAZypenx9Kc65aKmKuATjZPSXTu8T1sgeu5qbbD2zbhx
47vp5BqxBQoMJkitajbsZRhyAR5phW28nKPvXhFDKTFH, EgWVpJGDobtFbQHJXapVFns9eNohCudF7UPL74h64oEp
7SrvtjPHapJ964f1bTFvGSdg6kSAX8bgaeCpRZ3zupq8, 5JDYwbbNNzDGe1zANpXGMLMTRsUD9dZpv8URoL3jXt7Y
7SrvtjPHapJ964f1bTFvGSdg6kSAX8bgaeCpRZ3zupq8, C22oXs1Z2GFMC3TmgXB4b9b2QbdaCgV5As2r2nsiU615
47vp5BqxBQoMJkitajbsZRhyAR5phW28nKPvXhFDKTFH, G126oK8vsA33gfEddT9jM1hCfSksof8cTcVc2aT2MLVu
7SrvtjPHapJ964f1bTFvGSdg6kSAX8bgaeCpRZ3zupq8, BrQEf4ErXbbfrVbphnBmaRfhSLQBy2DXtQMdu8WMBnDm
8HCS6pWA1aqwWXfMeT7VsbqRSFEJyGZAdgSiTKEv8wi9, GMMSXjpLmw5AtxCcjC8fqMUMvXZvbaMGFY9absXLjGKc
7SrvtjPHapJ964f1bTFvGSdg6kSAX8bgaeCpRZ3zupq8, 7GUc2iqt6nwriVGL3bEejtPt2MMFjK2aWFTY9EET8mot
47vp5BqxBQoMJkitajbsZRhyAR5phW28nKPvXhFDKTFH, BcrKWRza1wPJMFjCUV2B3K86EaGR7HuM476BeB4muGxf
7SrvtjPHapJ964f1bTFvGSdg6kSAX8bgaeCpRZ3zupq8, 5yitTTFmKvAnpqXmrZvgou64QgWQYK1oTbFVpyB5sPwp
7SrvtjPHapJ964f1bTFvGSdg6kSAX8bgaeCpRZ3zupq8, 54tMWjx1WK4yEyVUbMRmXdkZkhNPKppXEZ6WykY1bGqY
7SrvtjPHapJ964f1bTFvGSdg6kSAX8bgaeCpRZ3zupq8, 5T5tG8H3p8owDKLas6ZGaTLJEm2RACLC2X8rYJWDXZ3D
6cZjSW9FFRFLYSUMK2diKQxmN3jg4VYabA8itrxMirNF, 6zJbMcENtK9HA2cYzHZnvvM5WwgnrvYwdzktK6k6MLAu
7SrvtjPHapJ964f1bTFvGSdg6kSAX8bgaeCpRZ3zupq8, HD64V2sniA5J1efJ24yixHgTNUA2Qi9j85fdRzWctPPE
8HCS6pWA1aqwWXfMeT7VsbqRSFEJyGZAdgSiTKEv8wi9, ACJo1TgUqjJ8jp8YjxXdUBMa8u1d5gDZgYUX9v45JFXp
8HCS6pWA1aqwWXfMeT7VsbqRSFEJyGZAdgSiTKEv8wi9, HCjXfnaEHoDK3VD1oJYn8LnjoUGCXZ27rvE9NTadv4Pm
8HCS6pWA1aqwWXfMeT7VsbqRSFEJyGZAdgSiTKEv8wi9, Bc6e3drHyi8BJ6w4tvyYWkpRTGVUBNdNEA86brAsvMfB
7SrvtjPHapJ964f1bTFvGSdg6kSAX8bgaeCpRZ3zupq8, 27zre4K8cyRPo7PV5VM3oipza46EkUQKUek3iXVdohVU
7SrvtjPHapJ964f1bTFvGSdg6kSAX8bgaeCpRZ3zupq8, CUPW7mJ5Ri2SXsDYNUQPJiobwLEjtydyfSt6RYcvCsWG
7SrvtjPHapJ964f1bTFvGSdg6kSAX8bgaeCpRZ3zupq8, FMySrt9mtknvo6M3D8jYeoUseDkvPHUztutUuDnpYHe5
7SrvtjPHapJ964f1bTFvGSdg6kSAX8bgaeCpRZ3zupq8, 2fK7Ks67woCYkwHBxezjRj8CyEpbe9r98NFRXUgGtFxd
47vp5BqxBQoMJkitajbsZRhyAR5phW28nKPvXhFDKTFH, 4hNojerVRAPKmrrVvzPX2hSMoYTCmjTqGweDjndiasHq
7SrvtjPHapJ964f1bTFvGSdg6kSAX8bgaeCpRZ3zupq8, DpLcoUB925GGSHPBY4ct1PTY6mfMyX7djWgLJLWPy7Ss
7SrvtjPHapJ964f1bTFvGSdg6kSAX8bgaeCpRZ3zupq8, 2mfyXHARe3gvGUXkz2NeNJZsQ8JXHM8RgzqqsCCBGanZ
6cZjSW9FFRFLYSUMK2diKQxmN3jg4VYabA8itrxMirNF, 6CQgk7iXm3FTjx3SRkCUFovBknVX3BTNo5pVx4f76jge
7SrvtjPHapJ964f1bTFvGSdg6kSAX8bgaeCpRZ3zupq8, DVNavVw8mUVwhovKXpMszE1y2nQ4pzDEUZh37iTV18ne
7SrvtjPHapJ964f1bTFvGSdg6kSAX8bgaeCpRZ3zupq8, AS8DHFHGjpoe9qLHjB6HWXeXwsG6wY9g3JAjde2UdATP
7SrvtjPHapJ964f1bTFvGSdg6kSAX8bgaeCpRZ3zupq8, 6zfbB2icyRdwsVM3Wc9TKk6cuYSpW5gWqu2PLfbB819c
7SrvtjPHapJ964f1bTFvGSdg6kSAX8bgaeCpRZ3zupq8, EJC1Fko2CfADgXaouT8Zn6ADxSCPbqCEoY1GphKDhngf
6cZjSW9FFRFLYSUMK2diKQxmN3jg4VYabA8itrxMirNF, 6aryAu1iB9p2FGSeDeWyLEG2YyF5WkALoia4YWDsddRi
6cZjSW9FFRFLYSUMK2diKQxmN3jg4VYabA8itrxMirNF, 14ZcenDF4x2Re9m9JPR9cfseUNgfAhsVHuVptwXtdDJe
7SrvtjPHapJ964f1bTFvGSdg6kSAX8bgaeCpRZ3zupq8, 8evRJR9F6T8ggsTjfQnVDj68v8ZWJac8duANBpm2sBvz
7SrvtjPHapJ964f1bTFvGSdg6kSAX8bgaeCpRZ3zupq8, 2LPXtffVAi1KPSLyKenahgFuJGxoDNnnmv59ZpHrLxnN
7SrvtjPHapJ964f1bTFvGSdg6kSAX8bgaeCpRZ3zupq8, 13LVCTgU2iFch8Baht4BK5k92iS7dmMyWCCun4QacU7a
6cZjSW9FFRFLYSUMK2diKQxmN3jg4VYabA8itrxMirNF, 7npyzuFDXZw9gucxsrdNQTt51JDiA9cHRCLk5ar1MjoQ
7SrvtjPHapJ964f1bTFvGSdg6kSAX8bgaeCpRZ3zupq8, CRJi2hxHqbQJMofwREJ83pKjRJYrstsFvKjEGLdxY1Qi
47vp5BqxBQoMJkitajbsZRhyAR5phW28nKPvXhFDKTFH, 7VLESJLsSt95tNpFXCn7hgsN3HPnz1pm6J2bTiWvDEgU
7SrvtjPHapJ964f1bTFvGSdg6kSAX8bgaeCpRZ3zupq8, BDXUJwtZwNeP5UUUnqnc3JkVpNAtdmt9pDdm3CFSMWE5
7SrvtjPHapJ964f1bTFvGSdg6kSAX8bgaeCpRZ3zupq8, DhDdKjS6nUHqbvaY2GRsJnXbFPcLwDdW9cQ6jXeN4jdD
7SrvtjPHapJ964f1bTFvGSdg6kSAX8bgaeCpRZ3zupq8, 7ULE65Gf2CQBcRShPTcGyNiXTXd9VWh5EuWSPRt56n5V
7SrvtjPHapJ964f1bTFvGSdg6kSAX8bgaeCpRZ3zupq8, khhekyd2qrkAMyNkXqxnqv1y37ZAABYL5tq9q9tSFPW
8HCS6pWA1aqwWXfMeT7VsbqRSFEJyGZAdgSiTKEv8wi9, FCx1XnewPT6cov5G4dTCPK8fHhaJAUBGSvaR4eYmnYJe
47vp5BqxBQoMJkitajbsZRhyAR5phW28nKPvXhFDKTFH, 39B2exym8sBSyqRge7KwpkgpDCBSbQEh51PHAzzEBRpv
47vp5BqxBQoMJkitajbsZRhyAR5phW28nKPvXhFDKTFH, Cp34n21YsYdDJZs3h1asRLUmWWoYDsA9YCehtXDvvEga
8HCS6pWA1aqwWXfMeT7VsbqRSFEJyGZAdgSiTKEv8wi9, 2Lvtu9aTLbZBgJ8AtEjeNG5t4zABbCaFdm3BbuftkpVk
7SrvtjPHapJ964f1bTFvGSdg6kSAX8bgaeCpRZ3zupq8, 28svFcLRH9jmYYrLf6zwTvmzpcV8wYc3g2TK3Pc2Yr7U
7SrvtjPHapJ964f1bTFvGSdg6kSAX8bgaeCpRZ3zupq8, 2YDLtZGDWUgE8BxtSkfbt3FbSRh4g6sUoNi8dwanDf4y
7SrvtjPHapJ964f1bTFvGSdg6kSAX8bgaeCpRZ3zupq8, DGErKbVnq6RNXUrWDGeEdRKZaBoD3sn877YwARYVbDik
47vp5BqxBQoMJkitajbsZRhyAR5phW28nKPvXhFDKTFH, 8Nu6zH6hYFYvgSeybRFyWQ9Y1iNQMJPy3x2JTDeWGRud
7SrvtjPHapJ964f1bTFvGSdg6kSAX8bgaeCpRZ3zupq8, 9pMbBFNzVJCkiEdTREYnY9VaXfoA6LigSncn6GoVquEU
7SrvtjPHapJ964f1bTFvGSdg6kSAX8bgaeCpRZ3zupq8, AAMWQSp8XwDDhxwSaZNHpsrorvVyg7CWga9M3hto6fQH
7SrvtjPHapJ964f1bTFvGSdg6kSAX8bgaeCpRZ3zupq8, 2bgBcoVPTL7QjC5nEaxoFE7AcXo1DgH8Db97hMKg9nH1
7SrvtjPHapJ964f1bTFvGSdg6kSAX8bgaeCpRZ3zupq8, 7hfJUSYs4RRmtoy5qfksLRLAJwV8ZurtWReo5KR7GBgL
47vp5BqxBQoMJkitajbsZRhyAR5phW28nKPvXhFDKTFH, 4KHf731Ag1pmXNHP1UtCQNMSJeyCwAVaBEaaNhaS9MLx
47vp5BqxBQoMJkitajbsZRhyAR5phW28nKPvXhFDKTFH, 3QacFT6z1uH2qUdcKXzbCGqpyMKmSUF7aULnK9QdcfMX
8HCS6pWA1aqwWXfMeT7VsbqRSFEJyGZAdgSiTKEv8wi9, 3sF1QaRtWgmA4WHyAYmo3g7tV4XFMkP2EBoskdBLPsuQ
47vp5BqxBQoMJkitajbsZRhyAR5phW28nKPvXhFDKTFH, FyMRUY1oHdg9GKD8Q1bpzqWcBRyYFDwJiD8xpCPeVoSy
6cZjSW9FFRFLYSUMK2diKQxmN3jg4VYabA8itrxMirNF, H8du6ehTddtpsjQpo8UVBDMNhEqvDS81PSgJhUNL7JHG
7SrvtjPHapJ964f1bTFvGSdg6kSAX8bgaeCpRZ3zupq8, EzF4gSJhrWXp4iiHgeoBVtd1Fbz6dzDrZEGv7v1GkZec
47vp5BqxBQoMJkitajbsZRhyAR5phW28nKPvXhFDKTFH, DmWTdt298c4q8cnB9sRLx7wb9xmvrc1YeeTokhrXuJc9
6cZjSW9FFRFLYSUMK2diKQxmN3jg4VYabA8itrxMirNF, 74Rady3rQFmHLxcFCerAG5HcHjL8cbB5bap1BE6QAtZa
6cZjSW9FFRFLYSUMK2diKQxmN3jg4VYabA8itrxMirNF, BxVAUGcuuWcWyBrCDhwcZZmhTRotGG2ZsxNPMnRsBvqT
47vp5BqxBQoMJkitajbsZRhyAR5phW28nKPvXhFDKTFH, Gk231PwDWukCtHRfM8tZL1c9VxWQANTfh5wEq51BvuVH
7SrvtjPHapJ964f1bTFvGSdg6kSAX8bgaeCpRZ3zupq8, 5AdhUJXm5BoiknmqTURh2NNwdQfhtYH3rPa5kYBCFB3Z
7SrvtjPHapJ964f1bTFvGSdg6kSAX8bgaeCpRZ3zupq8, D5X5XXJzQyRmDpcP59HyK6Lv4U86MgG1zMa1wP77FRWm
7SrvtjPHapJ964f1bTFvGSdg6kSAX8bgaeCpRZ3zupq8, Ht63THdCT7r5jjLyMdPbHkotcSPyuGEf8FAyZyER9RW6
7SrvtjPHapJ964f1bTFvGSdg6kSAX8bgaeCpRZ3zupq8, 6DnF62ott8W9ZsEyGXxGESVG3n8FcGb3cQmsnktKDDkX
47vp5BqxBQoMJkitajbsZRhyAR5phW28nKPvXhFDKTFH, 6cn656yqw6XCKxRQpXGquDh9mnZ3HWKdBr9EtCTR6U2t
47vp5BqxBQoMJkitajbsZRhyAR5phW28nKPvXhFDKTFH, ACvc7zGDfkLnpuZP3NrPALFWV6TvELNZWWpuaXxjRLpb
7SrvtjPHapJ964f1bTFvGSdg6kSAX8bgaeCpRZ3zupq8, HH4srRDAwLuBphpkKASpo68sStgHtJqm69hAnxHpxJh4
8HCS6pWA1aqwWXfMeT7VsbqRSFEJyGZAdgSiTKEv8wi9, 79ffEtyE2wr4vCts5hsokhq4kVr1dGtdpQSmtHjAYyts
7SrvtjPHapJ964f1bTFvGSdg6kSAX8bgaeCpRZ3zupq8, BPPH9XR73WZGskzUMuSczYFZZQofyK52eNArpLzKbT1T
7SrvtjPHapJ964f1bTFvGSdg6kSAX8bgaeCpRZ3zupq8, 7kT6C8TqdURvxrGNAykuRApZiqqxDiCJgP1yjSJRw71S
8HCS6pWA1aqwWXfMeT7VsbqRSFEJyGZAdgSiTKEv8wi9, 6tC6r38Mv4LpVNJAY1ZCLHmfgfpFT4tMogVaz6M5xwoH
7SrvtjPHapJ964f1bTFvGSdg6kSAX8bgaeCpRZ3zupq8, 3RYAk8NZmPvGd6z8inju9qxkpWh8fnf71hgXMuHn6V17
7SrvtjPHapJ964f1bTFvGSdg6kSAX8bgaeCpRZ3zupq8, 8naQtPW2LK5D2PVXLg3LiH3y5uqRLPzJpHwdeQJaSsWx
7SrvtjPHapJ964f1bTFvGSdg6kSAX8bgaeCpRZ3zupq8, Bt2F6Qg2FXLnm4EmhLzYg3t4CqLronNZXmvQZL65GStd
6cZjSW9FFRFLYSUMK2diKQxmN3jg4VYabA8itrxMirNF, Ch7TMDZ5yWLEe2CXce6KZqAkLbFnGo3A74T5RwmM5cvq
8HCS6pWA1aqwWXfMeT7VsbqRSFEJyGZAdgSiTKEv8wi9, EssdwKVDwuPTr2pybeCarZmrsHMSWWfXQene6hFuhCb5
47vp5BqxBQoMJkitajbsZRhyAR5phW28nKPvXhFDKTFH, GXr6qc6VyMHJkcX1DVVYN3RgKkWKtYxdfoPaYzSwPgXg
7SrvtjPHapJ964f1bTFvGSdg6kSAX8bgaeCpRZ3zupq8, 468LJ2zHNsd65t9sje2BYxy7x5YyhB6Fm5EDjfGaDmNi
8HCS6pWA1aqwWXfMeT7VsbqRSFEJyGZAdgSiTKEv8wi9, 9vNVjPoSqSfzGniVx7vgD3gxKWTpxmS58YEs8iYvQZet
7SrvtjPHapJ964f1bTFvGSdg6kSAX8bgaeCpRZ3zupq8, D194ieX1uXYTFNWGnxD7jgzGZUzbuGM2FVRwyUYtGqLd
47vp5BqxBQoMJkitajbsZRhyAR5phW28nKPvXhFDKTFH, 8fg1uazBSmYnHUjKDoUuqRHTSKcxccfcN6embQoZ1Wvw
8HCS6pWA1aqwWXfMeT7VsbqRSFEJyGZAdgSiTKEv8wi9, 7Euwt13H1TqCkMVYRqqTh9LpKS22zoYjDrbcfUVFYwz5
7SrvtjPHapJ964f1bTFvGSdg6kSAX8bgaeCpRZ3zupq8, Hv9eL8yYAp5acqBeHUgjzHevq2Nisj1qgEMEUpUVZnaP
7SrvtjPHapJ964f1bTFvGSdg6kSAX8bgaeCpRZ3zupq8, ESAEiVB4wuhzVnHTuRvNVxLZS9LcMcRGUUCkxqc4wFEu
7SrvtjPHapJ964f1bTFvGSdg6kSAX8bgaeCpRZ3zupq8, 28NkSvnqhFuHfgDXHdrBCohFbyqwL6FpfzjYWTXcq6jC
47vp5BqxBQoMJkitajbsZRhyAR5phW28nKPvXhFDKTFH, 36gmrwDRYsWHUb3G7BhiBSudibHDvEdTutot8yCipSLs
47vp5BqxBQoMJkitajbsZRhyAR5phW28nKPvXhFDKTFH, HtCrznHDpjV9v5N1RGMnCTzQFZTrwFzD5EaewJvkWYU3
7SrvtjPHapJ964f1bTFvGSdg6kSAX8bgaeCpRZ3zupq8, DQrvFuZrvtYbHD2gEdHu1NCJJksRNUBgm4RTeikeuaJq
8HCS6pWA1aqwWXfMeT7VsbqRSFEJyGZAdgSiTKEv8wi9, HEpMdgH33ZVPCqQE9rBPQQ3v7bPH3bTuzkCLd98yuva7
7SrvtjPHapJ964f1bTFvGSdg6kSAX8bgaeCpRZ3zupq8, LenPTL5yC84EnkVbsca71YX7mjvFseMyRjoKDmMgSt9
7SrvtjPHapJ964f1bTFvGSdg6kSAX8bgaeCpRZ3zupq8, 81uiomiZRX6iLZcdq8p3pNVuaPiJNRamcpu6xwDnDPmQ
6cZjSW9FFRFLYSUMK2diKQxmN3jg4VYabA8itrxMirNF, FKcmSsLwqtYfySSqHyy42mWmichDixmp93wH1yqu9GS4
7SrvtjPHapJ964f1bTFvGSdg6kSAX8bgaeCpRZ3zupq8, hzEDyHSKRHSPXMy7oJzmcRJjE97fe8K5yCgvSu2ufKN
6cZjSW9FFRFLYSUMK2diKQxmN3jg4VYabA8itrxMirNF, Ey9MqxRYjJY8kcPrEQjK8zNS9NxrHoGd9zBxGa3hHkTv
8HCS6pWA1aqwWXfMeT7VsbqRSFEJyGZAdgSiTKEv8wi9, 8VpHfjedg1eBNgUeoBwWgAqs7HFgjNHUh686ud6WvpXT
47vp5BqxBQoMJkitajbsZRhyAR5phW28nKPvXhFDKTFH, CBvvgZYbTEq7HzQiDq75dDKybAyyVgL76wjDk4fMF929
7SrvtjPHapJ964f1bTFvGSdg6kSAX8bgaeCpRZ3zupq8, 9e4SPNbWSuxWLGiMeCNmNk5LzNdfn7nRWVoXpJjF31Kq
6cZjSW9FFRFLYSUMK2diKQxmN3jg4VYabA8itrxMirNF, 62x9iQkRtUfSatJaxgRf6GcQ7AQy2gnHxVqbsLJkGfFz
47vp5BqxBQoMJkitajbsZRhyAR5phW28nKPvXhFDKTFH, DK63jr51wBgxztHmnQfDzkPnDfg1Jos2qLeFeahfiKKx
6cZjSW9FFRFLYSUMK2diKQxmN3jg4VYabA8itrxMirNF, DEDLSY9bZj2MFxgRmhdwZUX9bwYUKTUUe9VoPzSiNitV
7SrvtjPHapJ964f1bTFvGSdg6kSAX8bgaeCpRZ3zupq8, BvGmaUbKFuxPGrZ8KjdS6CMpxMWGyFA8d8Kk7S1UYoLv
47vp5BqxBQoMJkitajbsZRhyAR5phW28nKPvXhFDKTFH, 4JKSSYD5bmzB16d5fLzTsQ3SP7HZkQ8CFgTCXV97ob6w
8HCS6pWA1aqwWXfMeT7VsbqRSFEJyGZAdgSiTKEv8wi9, 756QFisoeHA2SkHgS8VAzYGeFMSXMGYvMgjjSyqYQJak
7SrvtjPHapJ964f1bTFvGSdg6kSAX8bgaeCpRZ3zupq8, 4sD1XVAog4sqAn3jSzLgD1Le7AkZQrfBESvn5bjAFPvS
7SrvtjPHapJ964f1bTFvGSdg6kSAX8bgaeCpRZ3zupq8, EWjSCbCCByfVE5LPgyjUFKx9xUt1XC9DKg5FExyV9m5s
7SrvtjPHapJ964f1bTFvGSdg6kSAX8bgaeCpRZ3zupq8, DLhzXkHnAVZvDrKsFpiVpCsu6MxswEb6UMSfKVv4W7LQ
7SrvtjPHapJ964f1bTFvGSdg6kSAX8bgaeCpRZ3zupq8, EinVee77tzTSaCW9m617cySFu3wCvXJzd6J5j5ztHn9n
6cZjSW9FFRFLYSUMK2diKQxmN3jg4VYabA8itrxMirNF, GgeqBAyQHVY5JGMtAqRcitSiXVVTb8XTdKWCSxmHPNG7
47vp5BqxBQoMJkitajbsZRhyAR5phW28nKPvXhFDKTFH, 7cS8NztjvPutJNLuFLABsrUwQSKqth2p8Gp1jqKUp651
7SrvtjPHapJ964f1bTFvGSdg6kSAX8bgaeCpRZ3zupq8, 614uz7YTJca7ue69SfkHP8eRYv56uVM79p1hbGVXyC9L
7SrvtjPHapJ964f1bTFvGSdg6kSAX8bgaeCpRZ3zupq8, F1Tn1hJsZf8mfUnUYtmFUgypYLyRVzdXh4xuswyHc7rJ
7SrvtjPHapJ964f1bTFvGSdg6kSAX8bgaeCpRZ3zupq8, AepBGvBD3s6zS2bEuzHzy8QWXNS2K1Gt6wbaLMgL4DzC
8HCS6pWA1aqwWXfMeT7VsbqRSFEJyGZAdgSiTKEv8wi9, C2nuXNSXjbnfUCWTafWyAhNpKthuGo84X35MqF94pPoy
6cZjSW9FFRFLYSUMK2diKQxmN3jg4VYabA8itrxMirNF, FPZQwx97qEYfHSeBUxUgFMaxL2FnSqbcErZJwGwK2jxf
7SrvtjPHapJ964f1bTFvGSdg6kSAX8bgaeCpRZ3zupq8, zkNgdzqmkG44R4EpugCa9oT1EcsHFdymcS3T5Ek1f9j
7SrvtjPHapJ964f1bTFvGSdg6kSAX8bgaeCpRZ3zupq8, 2c2oy5HGuQLTjPBBM49ycvJeqYPfQG6mFNzaNBJkLiaw
7SrvtjPHapJ964f1bTFvGSdg6kSAX8bgaeCpRZ3zupq8, 8Yzsbw7SvizRjTstbuAzCAnp8sxvubB1meEytsxA7z8b
7SrvtjPHapJ964f1bTFvGSdg6kSAX8bgaeCpRZ3zupq8, 7omxt5n2UZyffzFPDBngcsYE38MsQTpkrupqNWjnBNZF
47vp5BqxBQoMJkitajbsZRhyAR5phW28nKPvXhFDKTFH, HcR8g3jc9isN5PqH7PMEsAcAvdJr7dQwQCchAdwsoP1T
47vp5BqxBQoMJkitajbsZRhyAR5phW28nKPvXhFDKTFH, 4Zs4qf3YKVWXJisALegLr4i4tdzEpC9Q8yXrCW6gzNYi
8HCS6pWA1aqwWXfMeT7VsbqRSFEJyGZAdgSiTKEv8wi9, F7n2qCWi92pA1dVfiEES7rVWk62ZNbvECwBPqt7dnk61
8HCS6pWA1aqwWXfMeT7VsbqRSFEJyGZAdgSiTKEv8wi9, FwRD7r5is42ZThR4rZdt2TQFvwsDuGymaSuHK1LWyy7d
8HCS6pWA1aqwWXfMeT7VsbqRSFEJyGZAdgSiTKEv8wi9, BYLQPFbv82bKUzcLdJD2QLAWzBcxqGRRg6GmGQhr94za
7SrvtjPHapJ964f1bTFvGSdg6kSAX8bgaeCpRZ3zupq8, CbtLJx6FNsCcxwmgXaJaYjS22ywnahr4QGRmqHvg1n8n
8HCS6pWA1aqwWXfMeT7VsbqRSFEJyGZAdgSiTKEv8wi9, 5XjyBy9kJHrcRvv4QP95aqCbNU1q4ahNCHWwbaGtfMtG
7SrvtjPHapJ964f1bTFvGSdg6kSAX8bgaeCpRZ3zupq8, AsyERfRTPdkgguKRAxjB3MiGQnxfgcD2a7TaYfpEvFYV
47vp5BqxBQoMJkitajbsZRhyAR5phW28nKPvXhFDKTFH, Q2ovDeaY25A4wLnhok5Q3TmTjsShBtfEqHkX2DmWSTY
7SrvtjPHapJ964f1bTFvGSdg6kSAX8bgaeCpRZ3zupq8, ojxF2CjGy196EbYRstqBSLBMtJB4ERVyBPndih725VV
47vp5BqxBQoMJkitajbsZRhyAR5phW28nKPvXhFDKTFH, A3jVzX1uJMTitCRGABzPx6Xuz8KHcNAKHT487UjkH8rJ
6cZjSW9FFRFLYSUMK2diKQxmN3jg4VYabA8itrxMirNF, 6BQ89fptvrKbaZBxL2YJfC2PTQBCJuvEDWQ31PoQxKMJ
7SrvtjPHapJ964f1bTFvGSdg6kSAX8bgaeCpRZ3zupq8, 5iLCoNCuzGPjSBNbyJAqaLYv9eL8ZBWfxFeRgKufJAUW
7SrvtjPHapJ964f1bTFvGSdg6kSAX8bgaeCpRZ3zupq8, GvvHZeR3ncMjYoo4jckrkjFfkruP2i3NnXZERmYtWVgv
7SrvtjPHapJ964f1bTFvGSdg6kSAX8bgaeCpRZ3zupq8, CEGW4cjuoLJ97hB9mhgZUocghtaMibZ64agUviHyoQF1
8HCS6pWA1aqwWXfMeT7VsbqRSFEJyGZAdgSiTKEv8wi9, 7qLiReYxwpB5Df1mEkkPU4DaQ5J5NFHVxGdUsmsuKANY
8HCS6pWA1aqwWXfMeT7VsbqRSFEJyGZAdgSiTKEv8wi9, 6aQZSKXsLjgTdtgpGySYQETYDAG4dK5ReJkEi6GnfKEj
7SrvtjPHapJ964f1bTFvGSdg6kSAX8bgaeCpRZ3zupq8, EvWTY5MjNGSh54TYKjerK6gjcKxkBQ1WXwxbqxmhzwZT
9iZiFcDCQMiw8QrP95ttyLKtGCoHB81Pst6mVq7tLrwb, hQfYEo7sEPu6zAn8ehMCm33bkfgg7uhKR8yAsfjJRr4
7SrvtjPHapJ964f1bTFvGSdg6kSAX8bgaeCpRZ3zupq8, 6uvBvFDvjCvmUnFu5MuAtEJFPcES2ZpQnMrqEqiRbvio
7SrvtjPHapJ964f1bTFvGSdg6kSAX8bgaeCpRZ3zupq8, 2W9L3EgKZgo6BU5FgbaQweCrF9vkhieunpfh8fZbjiPt
7SrvtjPHapJ964f1bTFvGSdg6kSAX8bgaeCpRZ3zupq8, 9nbB9dHMrWkFV1VGijfbdYRtuBu8712ehTVScZ3VGBQY
47vp5BqxBQoMJkitajbsZRhyAR5phW28nKPvXhFDKTFH, AErFXRFobDFzy1A5KkoTGPagHh4HySaNZFUXxFDmFcy6
7SrvtjPHapJ964f1bTFvGSdg6kSAX8bgaeCpRZ3zupq8, HLsUbKSpK252aUs99RDojg2Ah9sFfYet93xht6r1LSJx
7SrvtjPHapJ964f1bTFvGSdg6kSAX8bgaeCpRZ3zupq8, FnhT5jzQF6HHqnDk5Zmf9PDFX7Cce6wgJCBd26Snqz6m
47vp5BqxBQoMJkitajbsZRhyAR5phW28nKPvXhFDKTFH, 5Ha4JqyBcxZj71f3GDwAhbGKqz5yhc7EEz5jg9jfUUQ9
7SrvtjPHapJ964f1bTFvGSdg6kSAX8bgaeCpRZ3zupq8, 9vDFRtKXA4oxxF7VPcw4UL5akf6RzsfNRQqtczupZg88
6cZjSW9FFRFLYSUMK2diKQxmN3jg4VYabA8itrxMirNF, 5LwhqhAHEfztv2cbZSqRbx7NVXm5WJS3XtaWqhYdMJYL
8HCS6pWA1aqwWXfMeT7VsbqRSFEJyGZAdgSiTKEv8wi9, 6LxJ4MWUxY4vbTZdX95Uuufah4KfmDrJoyv7BbbZ5N7X
8HCS6pWA1aqwWXfMeT7VsbqRSFEJyGZAdgSiTKEv8wi9, CZ1uDrwvtdKCJjJPVBHAARQYR54JGwp4VjdoBAvyg2K9
7SrvtjPHapJ964f1bTFvGSdg6kSAX8bgaeCpRZ3zupq8, A4DYuSmTQ5Mek2fDNBiyTUVBRoYpAkf2GHdwz3f82j3L
47vp5BqxBQoMJkitajbsZRhyAR5phW28nKPvXhFDKTFH, 6P5vEbfWHRQu88xQh7apEwr6GFCt3zxGWxattyECwUdF
47vp5BqxBQoMJkitajbsZRhyAR5phW28nKPvXhFDKTFH, 8ZBZjx5qGech8uF75uzW9HcxrNhPXfgs8F7VuERVdrZz
7rRtxjg7USCdGm9LPgWjLrpCnDZwAA81nVLEJCKfWEjA, 8JgAR39M1sEwNNiTtmiAPGSyFxt353zHpNhgJnVmYsYX
7SrvtjPHapJ964f1bTFvGSdg6kSAX8bgaeCpRZ3zupq8, DoCgDiivxwVgZepSsEEQxaPN1BLVAcKh7efwTZzD5ceS
6cZjSW9FFRFLYSUMK2diKQxmN3jg4VYabA8itrxMirNF, EKnQAFKBHDqxEG9iKkrQu545XzHmy16svL9b2HejQKmw
8HCS6pWA1aqwWXfMeT7VsbqRSFEJyGZAdgSiTKEv8wi9, ANDyok6wZngEa7ULJypgewAeuqbQWCBGxV2jsaNgCiUM
7SrvtjPHapJ964f1bTFvGSdg6kSAX8bgaeCpRZ3zupq8, Hv8sZCbPiwdNAnWehQFt5bvU6voWP6mjnVWj3mCNFJ5X
8HCS6pWA1aqwWXfMeT7VsbqRSFEJyGZAdgSiTKEv8wi9, 6jhQjTg1ocgZ6ajabh4LqLH5bjDs7ThxtfbxeProdCqR
8HCS6pWA1aqwWXfMeT7VsbqRSFEJyGZAdgSiTKEv8wi9, 6rhg5jRMG6v4jcgqUSiLttJoZqXRR5G8a6PpFvjr4orD
47vp5BqxBQoMJkitajbsZRhyAR5phW28nKPvXhFDKTFH, 7X1PPa7Z9a9H2KKbonZCWCBxPvCofxXvw64gkQgFZWje
7SrvtjPHapJ964f1bTFvGSdg6kSAX8bgaeCpRZ3zupq8, 3gbTcyMFKh6opyNcKpRRod2Csjz1NtW1GQmf7M1aXjbG
7SrvtjPHapJ964f1bTFvGSdg6kSAX8bgaeCpRZ3zupq8, BKW5axvybzM1k99ttH2ihChSwDF9jp3aaChR2opX7DsL
8HCS6pWA1aqwWXfMeT7VsbqRSFEJyGZAdgSiTKEv8wi9, BNR42tLZbMMsvLhcHLNDw3qNxm6n9A2VqLLxACnuKJ2k
7SrvtjPHapJ964f1bTFvGSdg6kSAX8bgaeCpRZ3zupq8, Q31iKE15YsgKSPzfhZm4hxALqKCtS5wxGTQYAGePqeW
8HCS6pWA1aqwWXfMeT7VsbqRSFEJyGZAdgSiTKEv8wi9, 5kLiniuwmhWM1J4GMaH3AFfM2ME722VTjTXtfTUStgEg
6cZjSW9FFRFLYSUMK2diKQxmN3jg4VYabA8itrxMirNF, 2gQ37ZcF5G8Ebegu3w4LxvN8KHLCGk59EY23717hvmXK
8HCS6pWA1aqwWXfMeT7VsbqRSFEJyGZAdgSiTKEv8wi9, HvPLJ6ErLqPaZ4YZdxJdbkgpAk5g5d6fnDzSDaNsFCmn
7SrvtjPHapJ964f1bTFvGSdg6kSAX8bgaeCpRZ3zupq8, BeqTMYgdxeSrpCshc9xXyE5evnuHCDr84QGztf1Zvy4G
47vp5BqxBQoMJkitajbsZRhyAR5phW28nKPvXhFDKTFH, 2v6JjYRt93Z1h8iTZavSdGdDufocHCFKT8gvHpg3GNko
7SrvtjPHapJ964f1bTFvGSdg6kSAX8bgaeCpRZ3zupq8, J3rDmbg8iBkKazQ3jWkg2tQUTGtVkt4mMaxFggbziJgB
6cZjSW9FFRFLYSUMK2diKQxmN3jg4VYabA8itrxMirNF, 6kTKxTg596YgXztkXLSzJSN1FaV7zpP8Pn1DUcjjwLeH
6cZjSW9FFRFLYSUMK2diKQxmN3jg4VYabA8itrxMirNF, 3Nd532ZQ6WkkwBSvFz4e8JN7ZWxH3fUWrqZDUWrWM6V6
7SrvtjPHapJ964f1bTFvGSdg6kSAX8bgaeCpRZ3zupq8, HwpXtyaeVwanAVxzzwEMcKM4PLi288A3YfmH9mHuT8Lx
7SrvtjPHapJ964f1bTFvGSdg6kSAX8bgaeCpRZ3zupq8, 8RSNjg8ganJkhTCcJYTsvSsmaNom24bkv93MSfuSQU1y
8HCS6pWA1aqwWXfMeT7VsbqRSFEJyGZAdgSiTKEv8wi9, 7iJEZmnsfeXNZ45ZrS6T1aoKWMWgibh1cE8eQcFkQSHV
47vp5BqxBQoMJkitajbsZRhyAR5phW28nKPvXhFDKTFH, EvFp26U82nfqYLKSbT7VDuKMgj5VAsMbJKvQGwpTGDWS
7SrvtjPHapJ964f1bTFvGSdg6kSAX8bgaeCpRZ3zupq8, BuK7Jj4ZZZ2XMgbDUQcREvxgXjg4SppcRydG3aG1BRQL
6cZjSW9FFRFLYSUMK2diKQxmN3jg4VYabA8itrxMirNF, GpBbyB6nke9H6EvYYsa4S5SND3wHyurcpFeKW5fgahLb
47vp5BqxBQoMJkitajbsZRhyAR5phW28nKPvXhFDKTFH, EtynMg7uQ1xQtAk9BNgGggUUcsX1AZcgjjypiose225C
47vp5BqxBQoMJkitajbsZRhyAR5phW28nKPvXhFDKTFH, 3svfxyb3m9tYQZQi9QSKjjiP4eYMQyRLxzyna4aTSJCS
47vp5BqxBQoMJkitajbsZRhyAR5phW28nKPvXhFDKTFH, J52tTVVKihH9VKWqFsBAAZaEeSzTqkMHBrxXn9ShL2ef
7SrvtjPHapJ964f1bTFvGSdg6kSAX8bgaeCpRZ3zupq8, 7wcSPURpJs4nx7Mt6ZwTKA79vXLN261bS5H69Kgmoqgb
7SrvtjPHapJ964f1bTFvGSdg6kSAX8bgaeCpRZ3zupq8, AyJLYWwqByJoHVdwprzcCRCZhKfR5Uveg7WwqYpmUmHH
7SrvtjPHapJ964f1bTFvGSdg6kSAX8bgaeCpRZ3zupq8, 66Ym5uXqqLk6i8MFnsYbZreHvowF3VxDoftkfF8d4SuX
47vp5BqxBQoMJkitajbsZRhyAR5phW28nKPvXhFDKTFH, 2JrXxXGiYaadTKcssdZGNBjRNRGESgNzP5HhJTLhF3x6
7SrvtjPHapJ964f1bTFvGSdg6kSAX8bgaeCpRZ3zupq8, BjLChg3ockhhNuCyZuFJjiTAT6C9KQcSMUUDFiDCmZ1H
