mint_address,meta_address,meta_name,meta_uri,inmate_number,image_uri,genesis_order
CvdasGfQyvhraHw7k5B3kAtak8cS1LKgjQEP7TcDwCaK,8NsZHBGZx2NgoFstJJwh4y4xynXBHSSaQJdN5FWqjZTU,"Degen Ape #1007",https://arweave.net/NKQiA5-xrTr_mwbGTP89DQsHg4HfbNH3KwROFf8QesQ,1007,https://arweave.net/2leWPCctIYjTw8PfNW7JXXD0fPICOWbX8DT0YfQJPgY,5
5UGqBvTft1EJBVzu8ZMWxcx64W5J5sM49vYFXsBSebi4,9YVNdXo6AwCyM2uio2mZhwVj7qKRCNrqPBt8hUMcHtLa,"Degen Ape #2596",https://arweave.net/BZm0CmQbF48B2ZaXWqr-_Ufy2TUpcqRRTSMUAU0R_W8,2596,https://arweave.net/gsYQNI-Hm5UP-Rd1ZLCEjTfqrrqlsMgYor8lG36UDME,11
Bsskd7Qa1jLtSwvc3H8fks2XRrv5jX9qXh91Aa65xrY7,Gu6kHrFbZUzwctXJbKszmYFBpDsTjdFJ17iWS3oYhSA7,"Degen Ape #6304",https://arweave.net/4TyActJbFpjkXazbh_yjNjCgcI6JzVqrGhBs-FpXZc0,6304,https://arweave.net/22Kgx9fcrW23wcloBLnlTncjvVAv6rd8WRUBwJgHu80,20
HdcboAAJsM6Ud6K5Sknb8VN4bSW2DsZ45aymcYHfQLED,CPqpo1isioGJXV4bcDrkS4UmPCvDruwj7owHKbbDuYtp,"Degen Ape #5382",https://arweave.net/vDOsPdpC6lm_IXqROGkGjcq42bw3tu8Cuc7VHpWHa9M,5382,https://arweave.net/rjf8nLVNc3MC4NKjO2ysa1VjQi2LKVt1jW2BClerMYA,33
Fg8vN7yyhMxvhnFGY59ZUofE9k1XDUNM7FtqRQEiCg3c,D4ST8qt7Y8YXqWMPCQ9bGvXhZrub3vaqNiCQ31gGHwGp,"Degen Ape #9260",https://arweave.net/SieW5vElUvXxbxKaZmM-U2EpXoxSPsDj-Fav-olvd7Y,9260,https://arweave.net/WsZZmGw4Xgm-kMrUWTukpXl0rIh7uLceJBm7Nr6DKaU,36
Deva9TKrLRj8FwDcV9jLjKTn8D1AceU8MJSwjScyMZdA,92ovEcs9bXwQBYZa49EpzXhkkURpg42RGov4sgzpDEKF,"Degen Ape #9915",https://arweave.net/gEhQ8RrhUekm9UpYxZUUF3G2g9hBlRLuVBpI9CnX9pg,9915,https://arweave.net/2mK2V4mO-cmnhFGKQ907oUiM0znjLpkbyYBIcVJVv_M,38
GcC8Yaq1WCuaEDKvZR7Nsm3oSeq1TwijFLonQf5Zosxu,5784m4DAzHHdzFyT1PnYfnmCwJY9VyALSYRswLVZ5aeJ,"Degen Ape #8650",https://arweave.net/Kijygz9JJiGRWEG_PmgqSnGKUBQoAjf1fuINqC9lFxw,8650,https://arweave.net/QH2Lx3_s7bOT2jQdfjZ6wzw6pRtzWF5NvBBOS9bGuBg,39
91NTVAtbcxhVSe7UBtz9CebwPHbQuzE8tDnWbUsWkRvq,3RiJB5v594AwZaiMMa8ct74jNhyjrBEnbqtM5jK1g4BE,"","","","",40
34sSehPc3aXY1kYbL9grHBu4PppK2TVvYkCmKtetnJJt,8gTzgfWomqaaDbgV2hYeVSy1bUmAMs2i75ra1GJsqBSC,"Degen Ape #638",https://arweave.net/JKn0_48awgRCBw_LOfPLu7mb1jNQ5-wA200sDHWRIck,638,https://arweave.net/DHXV-_Kl8ewgjd8wKJ4bJKIeaaCofhlWd0sJZm9HMCI,43
Cc7SC23m25UGNo9Z5CzK18c5zsURsm7HhERuuQrpSm62,DYA9kvdkFi9m3oSTibT5bYkR2NwCrVe7Rno6N5TcUcXV,"Degen Ape #6944",https://arweave.net/JZ03LZKnd-O3STSvAtDjtGbdDNXsP3yEWcJSOpee52U,6944,https://arweave.net/ADpXICFRvPdoHyeXmYVSD4NimThOpxA-rv_s_Li6oKA,45
R2CeCRP71Y2jQnsFdNmEXmmvoykDrSWsebBZByvWSnS,7Vzr94oLe7c8nsAMDVdnSE4NXMtryDma5H1Q73z7L3j,"Degen Ape #4403",https://arweave.net/eS1XvFM_wdErQhaT-H0LsKTCqD1RnO2W1dc8at1J3XU,4403,https://arweave.net/Aur_GB_St2iS4Kk0KU0IAwdfpfx-AjfI9HegJ7MRPYA,51
3idwZd6MWKBBodweYX4wKqkvkQJeweKXjiPRzKwzRz9P,A9Z8Z2vKFn6Ch4N1wwn49J5A2Ev3UTd3aQQEXMi9LEPV,"Degen Ape #3018",https://arweave.net/TQpYvRyRTC_XkCHOjknmd30oo_xvzKLkA89_jbwIKag,3018,https://arweave.net/8gPAqQzMKeqERVCy0-L8PPqE0Jka5Z8VH_PwXudQ3Zg,52
BwMoM4V5YPhC5vKhriCcSwoQ6xD8EPARYqqw9ydaDRWa,6iADwkuuvXdDwMyMWWoyHjgmJPTgLjtc65izDf9MkCgQ,"Degen Ape #1442",https://arweave.net/1jTMl_C2ZbzFuhOV5mPCQD1DsGOFn2VBalpIwCwP9ws,1442,https://arweave.net/HtXZi4dIytUKJo0DET0KtoIfN6PwECPpwkbSxwEJFAI,64
BAZypenx9Kc65aKmKuATjZPSXTu8T1sgeu5qbbD2zbhx,Fqsfk9iMLE7ndtbLkR7VQ8SutEAU3NfPPn76tTDLSsty,"Degen Ape #3059",https://arweave.net/uIbhPCJeE4sNKN8vBFKgPITTpDDwvIe-Fhw0QZrd8Ak,3059,https://arweave.net/UplEsnd11_fym31pDpwrF1Dmp5Z-5NnLotBVOjAg724,70
EgWVpJGDobtFbQHJXapVFns9eNohCudF7UPL74h64oEp,2RJRz3k7N2wUauirjUKWrnUstbFiy6e7WE3CLvcmhDLR,"","","","",73
5JDYwbbNNzDGe1zANpXGMLMTRsUD9dZpv8URoL3jXt7Y,FBRn5rwufo2JHDxgNqHBsd2Jjcxj3yT43qraxnfsacfh,"Degen Ape #1701",https://arweave.net/2ches4jW6SFDZpuczNtMxVDqju37xhOWZb87Nx6cswk,1701,https://arweave.net/Ngo-hu6g09SZZs7SuoQbGSq3uIiZfhYLY5QVKlG4bNw,74
C22oXs1Z2GFMC3TmgXB4b9b2QbdaCgV5As2r2nsiU615,CX64XfbzSzUYwPBKQEvFmiEuMrCxJBARcUZXArF6AedJ,"Degen Ape #8369",https://arweave.net/MxUgIg2iJLZDe3kY9QZpeYzFle35c8NScOeFhhlOggk,8369,https://arweave.net/iF8Cp1HPo8-k0fk3LsmgWLZiZ0j8sB3u-KfihGj-148,75
G126oK8vsA33gfEddT9jM1hCfSksof8cTcVc2aT2MLVu,F8wM8sUePxNFoATrWVEPADvdm7FChPbkhbw4YiujWEW1,"","","","",77
BrQEf4ErXbbfrVbphnBmaRfhSLQBy2DXtQMdu8WMBnDm,F5UydJJJ37YjLQRR9DBNuHQNnDrwsqXT98V3vvzSSZUh,"Degen Ape #7208",https://arweave.net/Y1N7So7qJknuNINhMupH59hmDMhITbIuaoZVf3t0BjQ,7208,https://arweave.net/RNsq3E5tJmQyWbaOhTwk1TGvxNiTre2kJZgtUdQO3Oo,78
GMMSXjpLmw5AtxCcjC8fqMUMvXZvbaMGFY9absXLjGKc,C8wc83aCaKTJUPzKLAAyaY859qKJjnQLTdpjTm3Z3aAw,"Degen Ape #4326",https://arweave.net/kw1NrxCZ2xcqSHXgOwvo868LLIjh1iE_J5aokCQYHTU,4326,https://arweave.net/cmY22dPusagSpRBbOvNrtGpaplJY5O-RRWrt9M6P7fA,79
7GUc2iqt6nwriVGL3bEejtPt2MMFjK2aWFTY9EET8mot,BodMnvrdnR1Xq61VA5u6V1eRPznp1ebBnLhAGkKSigdw,"Degen Ape #1037",https://arweave.net/EvWqpMHmwcWZC8wIgQVqH0eE4uPjNCLRwQUq3rEhXaQ,1037,https://arweave.net/PlsO-a8N_0VWNVUE2BQKfoaU2Wi171U7an4uylEAX9M,80
BcrKWRza1wPJMFjCUV2B3K86EaGR7HuM476BeB4muGxf,AW8vAAymo29hC2fA8gdZfae2qEHwcDYxa5WuizfiTDLu,"","","","",83
5yitTTFmKvAnpqXmrZvgou64QgWQYK1oTbFVpyB5sPwp,3Mtiv8gbN9EAnRT6QiR1uQjgDy2GEuaam4R53fRPygKW,"Degen Ape #7801",https://arweave.net/Tg6z4PV1XdAV545PAzt8Y9zEjcsEeRjd7MwjcIpy9FM,7801,https://arweave.net/rihbHy45ZQuNoflhWh__8NPEheL6k1-_pYqO3EGGI98,87
54tMWjx1WK4yEyVUbMRmXdkZkhNPKppXEZ6WykY1bGqY,Bnk8DJAGD1poQCfAHeGbePRBDGttKSycG2jLBjmyvUnV,"Degen Ape #5099",https://arweave.net/DtsSo5laL13loBouGStpC3sRy6Vx-fB9ThdT55kRKkU,5099,https://arweave.net/4wRPFgq0bEqy82K9l58HIOqFhN_CpYhvTbi95qckkH4,89
5T5tG8H3p8owDKLas6ZGaTLJEm2RACLC2X8rYJWDXZ3D,A8o76uJLFpdq9BSggKhFyaRLQB1Xd5BEudpz7o73667J,"Degen Ape #8146",https://arweave.net/3P2iagBlWLCkjSYLzsFx1xGXEnSwW-KWLRLFwGh5waE,8146,https://arweave.net/dAdlCS3P5QV-LF921AE98AqZNQPTWfZJgBJSU6RZ5n8,93
6zJbMcENtK9HA2cYzHZnvvM5WwgnrvYwdzktK6k6MLAu,Dxo8nmDFRF65rnN7fgS9YhRQSA8YbRWQE5Nohw7XwCsG,"Degen Ape #3085",https://arweave.net/VFYD_0_DRKGeen2WrNbE7ac3Wwy5i2DtSXZLiknK0o0,3085,https://arweave.net/YGpZOfkDEXBOEzANm7v8XCY7inPPHOcEDug1XddIh9o,94
HD64V2sniA5J1efJ24yixHgTNUA2Qi9j85fdRzWctPPE,85Su5eUm7WwhcTVbfFZWfTnpJQDpySEMroeeHSH529t3,"Degen Ape #425",https://arweave.net/lmtI7ffPgOlZhxvWW-o-09MzCGwErYoPeReHVftltvM,425,https://arweave.net/eQdlpVSJM19Mx39wJ3_sI-qvId5J20T-ARDPMkqlVYY,96
ACJo1TgUqjJ8jp8YjxXdUBMa8u1d5gDZgYUX9v45JFXp,4FKtBKiJVCksCjGbKxbGgxUNrVAyjKd1zuQ3T29aELfL,"Degen Ape #6317",https://arweave.net/Fd83GOTzdmAKrOIVdSnVEnFBIq9rA80u4qr-sEzS7kk,6317,https://arweave.net/mUkd3vEx_amJuTqwSKlbf6VdhYhfRCTNnWdRy5P0M-8,99
HCjXfnaEHoDK3VD1oJYn8LnjoUGCXZ27rvE9NTadv4Pm,6ST5Tjdy6BKQv8uqbzJAaDXjp9UXVq1m3yjoKgNaJPmZ,"Degen Ape #9017",https://arweave.net/gVjnRfJSpxQDaKEvKi9zzuA7NnYyeDnZicva6q8L-MU,9017,https://arweave.net/36dRxmZEHfjhHJPJXOTDzRRQajEzaGCYGCGfsVch-U4,103
Bc6e3drHyi8BJ6w4tvyYWkpRTGVUBNdNEA86brAsvMfB,21tKiv6TNZDjDVgDGDQZC7LczEg4uesXn3sE4RavZbuY,"Degen Ape #4884",https://arweave.net/lhF8BM5nQm3cba3X5vpU0vOijQGNiI90HKiPVvj8ijg,4884,https://arweave.net/3eqJMQkQZJCfnkp4eAzgRIdGwicWls_nc5Pko70M1c8,104
27zre4K8cyRPo7PV5VM3oipza46EkUQKUek3iXVdohVU,FTbiNhQnnknKeY2NqNtyH2B3FcbLsbzQvSEC7Yq49nGV,"Degen Ape #655",https://arweave.net/Wlf1RpzfH7pBi-IaUYl6-3TeAhHRdgDosRJQzv2QNEE,655,https://arweave.net/_Lod0RJdYf5A_pBQiFLEVxlFPEqECsMzdLHZyE7c1vQ,107
CUPW7mJ5Ri2SXsDYNUQPJiobwLEjtydyfSt6RYcvCsWG,FgzLCs9WtQkVimiCkxKpoxzgChci2KViZFTfSGMqpWxX,"Degen Ape #9262",https://arweave.net/zFNfJLwjJoJe5vm4ip4--WKGPqP9NCaWVSfNVs9wBck,9262,https://arweave.net/NOztPHYY2gfS9075tic7AdxcLv53iO2HauCqvkMDFJc,109
FMySrt9mtknvo6M3D8jYeoUseDkvPHUztutUuDnpYHe5,DjX1oaTYAwcJs2WyBXqj85pAuLsaVDQFnJt4jTip7BmZ,"Degen Ape #9584",https://arweave.net/HbTr1zw_8ytfamrXC-sT9SjEzNkIYpRWyrA8KmyE3jQ,9584,https://arweave.net/yVrB0B-ub7Izjd2ImXK4uYb8-JfbNqqcRYz4un7XEgM,112
2fK7Ks67woCYkwHBxezjRj8CyEpbe9r98NFRXUgGtFxd,5NaQ7ka2kjez4aT7dqXxtxjJxq8p1FH6MWqCz9FGyFw1,"Degen Ape #8894",https://arweave.net/c99gAi4ryRy85Xa2inKW7d9a26F2C1d19hrIQ4H7Nzc,8894,https://arweave.net/Q7WRyo3FqStMULAv8jUrPMOYZKzhsV_U72FHBASAfiQ,116
4hNojerVRAPKmrrVvzPX2hSMoYTCmjTqGweDjndiasHq,2mE5v3wNNYUK5i4ZGhXvbpreQBHX32kTFALeNkp74prN,"","","","",120
DpLcoUB925GGSHPBY4ct1PTY6mfMyX7djWgLJLWPy7Ss,8YWJWnMcVnzvKSG85Kmi19BHm26w78x7TRBVTWEQKN3G,"Degen Ape #3685",https://arweave.net/8U4rC7FlOMiZBzTWtTuYa903mAxrBfNXNstl1VFVJNg,3685,https://arweave.net/5WH4mZxQCGyKZyha3hMBMFltsppqKX6yx2oh5bClL_I,122
2mfyXHARe3gvGUXkz2NeNJZsQ8JXHM8RgzqqsCCBGanZ,CgZEhNyKwpdPadzKdCnynGA5k4yxTRPhi49jharnXaPP,"Degen Ape #2742",https://arweave.net/o9lRrP8dsONre5zOt3u255Tl9aLRImVbCt9sqk7ZElo,2742,https://arweave.net/ekwrQRMg9bzEyfL9VMX9Z0zdPC_mxqyYnEs6Gg9Rejo,125
6CQgk7iXm3FTjx3SRkCUFovBknVX3BTNo5pVx4f76jge,BVVztznFVcVpH9XtEEpmZHuTYC9E6P6rAaueZAhAvzJd,"Degen Ape #7741",https://arweave.net/BPTjubE5FH9mTanBTF48BQCrJlbOdgW_v2K_dmb6FTs,7741,https://arweave.net/PrycP3IE6AMLl7Elz_aPJRMalgnN9Ib7wMwfeSOsnBw,128
DVNavVw8mUVwhovKXpMszE1y2nQ4pzDEUZh37iTV18ne,9tWnsbsM22z8GTejjojwD998xazXc6VttNzuBdkRAEYX,"Degen Ape #63",https://arweave.net/kQMLLbxI18xm8XahkCxtCpchg2vVoGwqNYW2ZnNmOCQ,63,https://arweave.net/_-WgBFb_HDodkvY9WTpLZdkTYN8HBtI1dgxXAE1KHJs,131
AS8DHFHGjpoe9qLHjB6HWXeXwsG6wY9g3JAjde2UdATP,ky97oaamsBV4gHUYscCGt9ydRJ9y1EeFTb9Q95Xk1d9,"Degen Ape #6688",https://arweave.net/vWCEU5vDRwUaAQU6yJN1Rj7EI5FQyriU20V4uikpqUU,6688,https://arweave.net/jHzZ5PLAJWT7fzM0d91Nntvz8ndVxBXWfsqSuloU85Q,135
6zfbB2icyRdwsVM3Wc9TKk6cuYSpW5gWqu2PLfbB819c,5ktoKnfKbFp4q6FpGBT4zPhsJXCkST9dt3s5uMDBpw1T,"Degen Ape #5109",https://arweave.net/fONCR5h2-KOA6XQXiAjlz8E90zo0v1OBxI5I9Dkn2M8,5109,https://arweave.net/xOlF553C_pgsikRsI6TPWHJtnD5jS1juJNAI9KnQgQQ,138
EJC1Fko2CfADgXaouT8Zn6ADxSCPbqCEoY1GphKDhngf,4Ax7a5zQYnYV2Vexx99b2gLemWbkynyDnBdiYCjzXBvn,"Degen Ape #7408",https://arweave.net/h2VdZ2jWpktOI9RvzmTFZbu2SBY5qP3fPrjoGRmZo5k,7408,https://arweave.net/NtZwzEq6LhJqnFs_jhkReD8r04P_p1NsFmEfpC4uMQ8,142
6aryAu1iB9p2FGSeDeWyLEG2YyF5WkALoia4YWDsddRi,4pWLLQCjG91Wbdwp4wweDeXDwghfehzFKE7AWsaXC4Z4,"Degen Ape #5882",https://arweave.net/ONYouvt-_pddsi3b7U0AgPFrJgLw8XoLec0ZQbFpAGM,5882,https://arweave.net/WV1E-7FqDPXl3k8voA0OwbiS1krzLwqbNCenIg3Jy9Q,153
14ZcenDF4x2Re9m9JPR9cfseUNgfAhsVHuVptwXtdDJe,FZe6Dq2MyhB2UaiwKz6V3d23f4otHHjNFzq5sc6oemus,"Degen Ape #3570",https://arweave.net/PGxKvlQrnd4PlZvbD6jdvfYL01HYGup4F8pGXvetClA,3570,https://arweave.net/AIhzv6nfdUZ_Ue3iHCDYlNcCa_jM842Hme-Uct2B6qs,158
8evRJR9F6T8ggsTjfQnVDj68v8ZWJac8duANBpm2sBvz,3zv5S8ks6bEjALBRF547vcBJeerApbVm2EJNaTdiNofx,"Degen Ape #4193",https://arweave.net/XW-wjP_IONdYJxL3Ybls2GhSBRnNjHGd4EdX-2Cs8js,4193,https://arweave.net/1sclYk7zn_6VTeSJlMXbxnLRoCoMuBS8hW7kztKIGDw,159
2LPXtffVAi1KPSLyKenahgFuJGxoDNnnmv59ZpHrLxnN,7KbM9SVJp6ntcspDexcH3JvWofmiYJcJLudaKuG7ju5b,"Degen Ape #3184",https://arweave.net/w8nJpLyA6cYZoVZwdj8b5yMrwLhWhPZKothgcMjh9cs,3184,https://arweave.net/zBrd61LtDTJuHMfDnU4VkoGCwsWvtjQfrGES9TDolVI,163
13LVCTgU2iFch8Baht4BK5k92iS7dmMyWCCun4QacU7a,DD8ftYhj8aB5KwtkGakxUMvnHRYosya1d4AQeLemLss2,"Degen Ape #4962",https://arweave.net/hCuqnRnXFKu4BZKypVz8s9C70nj08K4o80d7uOZ3Egk,4962,https://arweave.net/-bfdoapqhluXs_fWAa6Z4E11_-Zb6lodsVgXtwmcKgE,165
7npyzuFDXZw9gucxsrdNQTt51JDiA9cHRCLk5ar1MjoQ,38SPBctZacocFYcnWFKvkSycimfwMXFcqAowfPTxjBcH,"Degen Ape #2855",https://arweave.net/UGuuDRz-Cxk71fI6nJWs91RoU0sTrYzycMn6dRbEE_U,2855,https://arweave.net/EBmJoYy4vMkVrFydoc302oicGBAaoS7cfxeCw9Vq2tY,166
CRJi2hxHqbQJMofwREJ83pKjRJYrstsFvKjEGLdxY1Qi,6smQdNV1Ypt26vDR8VyEmTrbc8ipFFKE2KiTzHnRFdA5,"Degen Ape #2517",https://arweave.net/divq1pyOlVtm84ESJ2WIY8P9vv3m4wU8U-6_8bhis-w,2517,https://arweave.net/rAn0olNFY1P7ii1kuJUyt5rT4SQK11Pu0xm0S92PtS0,167
7VLESJLsSt95tNpFXCn7hgsN3HPnz1pm6J2bTiWvDEgU,8SnukcAHGKVEy7ENK1sZtBx7kmZJV4CrwwZKSeQ48LqB,"","","","",173
BDXUJwtZwNeP5UUUnqnc3JkVpNAtdmt9pDdm3CFSMWE5,DZhqzNGAAXkJWm26vWWqhyJmLMBnFTGqhadaHBrF5k75,"Degen Ape #7887",https://arweave.net/CIhzj9GFpCNNOxi-kEWa7WilLk0i7ACxny7t_TSDGFM,7887,https://arweave.net/k-MLfsc4SaQ3R796TxtQ3S1d7wCzM86JJFHH-kMqseE,175
DhDdKjS6nUHqbvaY2GRsJnXbFPcLwDdW9cQ6jXeN4jdD,E2TmFHhhhUYQS3JitxZNRcLBZGvNd5NXwVoucPeVP9XX,"Degen Ape #8307",https://arweave.net/7skgTf7PDIXB2zuLxHp1mCNsEieOIwpRA5CRIeAymGM,8307,https://arweave.net/BVXvzH5uv-p9_IcVSFh4SKCgKLPVvhEha2GgkDGR30A,177
7ULE65Gf2CQBcRShPTcGyNiXTXd9VWh5EuWSPRt56n5V,5d3bmgdnNSQHFAjDfoQkHFGui8dcdbyCqqtuYuu6gLeW,"Degen Ape #9339",https://arweave.net/7dqLlxgOvch3FttZs_7pnfIrZrbwJoEpdKISdZgEv44,9339,https://arweave.net/BWXljhakW4tqE6e9CygYjIeZSnzWxXzq-vMr6Ypcrt0,180
khhekyd2qrkAMyNkXqxnqv1y37ZAABYL5tq9q9tSFPW,4aXz9w3vGEbBhtKEGLvdCmpFBCrjb7DnjBhfJdDKSjZ9,"Degen Ape #3417",https://arweave.net/ZVlKSTHAuiHSYKFJ6qsQPEZf-2TSRJ8QUhANlUPxhz0,3417,https://arweave.net/_2Y0YBoUgr5dFyVqcxJBZFzrFxMOUnVfPMwyJxHpl8o,183
FCx1XnewPT6cov5G4dTCPK8fHhaJAUBGSvaR4eYmnYJe,EU7u4Ki1dP5LL4cEzJv8qF4LB8cUizjDjcupbfvu13HX,"Degen Ape #9164",https://arweave.net/paUN3CbqQJbeG4wEpoIL4VgETa_N1dmBXLTMOYi5aOY,9164,https://arweave.net/gCyKG_R6MP5anHSi0QVjvE5nSJic_z487iVBcFmTq3A,186
39B2exym8sBSyqRge7KwpkgpDCBSbQEh51PHAzzEBRpv,GP7WLxynmqjpQj4dgvAeHH4xw9kJBA6Xgi4SnPdJeWAN,"","","","",191
Cp34n21YsYdDJZs3h1asRLUmWWoYDsA9YCehtXDvvEga,6mgk3zsaTuRa7X8fSQYMRjgeVL6L8EEyBxAMP9QgbUN2,"","","","",194
2Lvtu9aTLbZBgJ8AtEjeNG5t4zABbCaFdm3BbuftkpVk,ENMz27bdvfQ8DxgH9y3YwMfGJuQaNe7QtVQ7AXCdKGNd,"","","","",200
28svFcLRH9jmYYrLf6zwTvmzpcV8wYc3g2TK3Pc2Yr7U,5uENTiuzyofa8ktasiJ9dPP7qu1zv6HgWuNo5aGza9dv,"Degen Ape #9474",https://arweave.net/LB9b_kXaVNPbyHfC7PboPg8Uv-kP4AUq8xlhvOQgIIM,9474,https://arweave.net/1S9tT7j3QsOo5GAFFjRQSIxSBUk5dbv3Teo7ZwIg-Kg,201
2YDLtZGDWUgE8BxtSkfbt3FbSRh4g6sUoNi8dwanDf4y,3ssbZb4YkvUvuPGbGjcn9fRGTPPpBnLUR3C1fAAqzMDv,"Degen Ape #4807",https://arweave.net/xbBSyLKS8R_JCf4u4kt5ay_cft__puz4KXDivG9wRjI,4807,https://arweave.net/9oS4V61Gdt_lSZZKsTqLR_1yPAo20J7J-1EHl5WDeVA,209
DGErKbVnq6RNXUrWDGeEdRKZaBoD3sn877YwARYVbDik,BWHADAyTKKMvdyz3ftMB2h7nxAWTPurxn3umubB1rVtx,"Degen Ape #8003",https://arweave.net/38d3fwEIPibuU_4DGdxaAGHA2Wgf3JDDgYSAiSquxcM,8003,https://arweave.net/RL7jF_D-XmSiBzXTaGid238W9G1nyciDfnbvJqL9Ezc,210
8Nu6zH6hYFYvgSeybRFyWQ9Y1iNQMJPy3x2JTDeWGRud,pEtNwiX1CydkzAAQc5cBmu3ST4FMjLagkdvUkGxPL1a,"","","","",211
9pMbBFNzVJCkiEdTREYnY9VaXfoA6LigSncn6GoVquEU,8xSwUoz1EFA5xtbkoh7DxPPe3QvrD3wwhZDsQaagVgQS,"Degen Ape #7394",https://arweave.net/HuPiwnPXLM-tKI4np6tW-jrxuTyEwQMDBavkTFUryGk,7394,https://arweave.net/0i21heFWvi7iu6Xbm_o9eZJQU9vgdeIPYLa0vIORrFY,216
AAMWQSp8XwDDhxwSaZNHpsrorvVyg7CWga9M3hto6fQH,CsCzf3n93CYttyhaPJyeC9t3vHtmAnsg5MBsEmSTYXPz,"Degen Ape #6332",https://arweave.net/Q_SdfNoY7qO1b0kCYRQQgK0kh6mYhO93qh7X0bGJqE4,6332,https://arweave.net/RzKt__yHWHkyEn-AixsBw0TOGj5HqLk_tPkjc3ZzsXY,218
2bgBcoVPTL7QjC5nEaxoFE7AcXo1DgH8Db97hMKg9nH1,HJKxFfAkF3FWZFMsnZ7cWS4T4xAFHXKmFCE5ebHp7VyE,"Degen Ape #3141",https://arweave.net/jXl2Acmx6bnnBzids04modr1U4iCE2y0hyqbsQubv5A,3141,https://arweave.net/fSdmW1WPMCuCRndex9DX1hjcPdFM8ZPF-qYTDsHtjJA,223
7hfJUSYs4RRmtoy5qfksLRLAJwV8ZurtWReo5KR7GBgL,HotTERCd4rWv7NoxNuLBBtGJuHELjw3uXYTWoq9vxiCT,"Degen Ape #2052",https://arweave.net/WcHIZPYWN_W2X_xXMlJ_0KT2oqUl8QfuJSV_tD3vGO8,2052,https://arweave.net/D2R4RC-5gyacbw9YbX_IZu2nPe7IGlgWB7vK09h0MzI,224
4KHf731Ag1pmXNHP1UtCQNMSJeyCwAVaBEaaNhaS9MLx,EfqM3ztGgbjUBvAai1Ea8gqVS4hM8LW89iag9wiNwG8W,"","","","",225
3QacFT6z1uH2qUdcKXzbCGqpyMKmSUF7aULnK9QdcfMX,Bxnb5LeqCJ7ZNHnmNUCgu1MrMm6Gq2APSxy2dShX6PcG,"","","","",226
3sF1QaRtWgmA4WHyAYmo3g7tV4XFMkP2EBoskdBLPsuQ,HYA4EFpStAETNRdey7MPHr1wMLVvzp4uStNPrqcszUpb,"Degen Ape #958",https://arweave.net/9H5ywv8czLiCWWVZzGRh9voy-x1_ultpgYxteLPn6tQ,958,https://arweave.net/lp_C_2ZQUAEmLwgJYPVNCgp8HEqodRUOJ8kfAd9BlEU,228
FyMRUY1oHdg9GKD8Q1bpzqWcBRyYFDwJiD8xpCPeVoSy,G17DeyqTCWr1FJUVj9WULQNB7c8Rb9dtU4kiRgJWk1cQ,"","","","",232
H8du6ehTddtpsjQpo8UVBDMNhEqvDS81PSgJhUNL7JHG,3wkPRxHaFKW9ocf3AtvrGTG1RY1WpFDwpw1egvYta5RW,"Degen Ape #7772",https://arweave.net/QakZBipzu8SFv0rSsr57tIWseplcd-jogd0kqSYhF4s,7772,https://arweave.net/SbG7hxsUfaE_Hj1vw70-swq452tQUHDVkCcLJdHOXF8,233
EzF4gSJhrWXp4iiHgeoBVtd1Fbz6dzDrZEGv7v1GkZec,9fxFUiMdm5GV7w52WTj7T2fQrJeXCDTTNusEE3NS55nv,"Degen Ape #5465",https://arweave.net/ydsO9trIpZuU3exBTTySpBMCx7rlOT02hoGLKOiwOLo,5465,https://arweave.net/sUgWWVerFR4Ap-rRuwLYr_xAf1BQDhFkYMfJE6Kirh4,236
DmWTdt298c4q8cnB9sRLx7wb9xmvrc1YeeTokhrXuJc9,D88Z3Vqt2N4FwgTzUkqx6znYKmzvy4vMgkqe8LSGJQVa,"","","","",240
74Rady3rQFmHLxcFCerAG5HcHjL8cbB5bap1BE6QAtZa,XaUtLvW2TnYJbNTW2wSag7Cw1RRxv4SrUEaHBr8RiuU,"Degen Ape #7989",https://arweave.net/4aS_h1dBLZ2VT7ToTLh1aMtiieJQYeTcIuRh-9cpA0M,7989,https://arweave.net/CiRnRpPoHtOvgKR2eq5nxB73_UirgicM5r4o1DgLByE,241
BxVAUGcuuWcWyBrCDhwcZZmhTRotGG2ZsxNPMnRsBvqT,HHXbx4zqo9mAtxELCLo2Kz133EHR5XcecYbvmtKesAkX,"Degen Ape #2009",https://arweave.net/1T2wUCgFTFN2WKoeBsbZPBhUGeUjCSs-fkJ3dBSidRg,2009,https://arweave.net/DSeY0UFlLo10NZZzqxb_9UvAWLZZc8FehNLJGDuZ0WI,265
Gk231PwDWukCtHRfM8tZL1c9VxWQANTfh5wEq51BvuVH,C84ANhyqt77cubkSeMwHHy2xqs7p8ZbAEKV5UwSBUXsS,"","","","",269
5AdhUJXm5BoiknmqTURh2NNwdQfhtYH3rPa5kYBCFB3Z,BjpYJp8naNmEsEzNTC7JEJDw7i6jh3BfGToNLoErnRwR,"Degen Ape #8687",https://arweave.net/Y_KFSPh6aL5z76jppGXs05R3E0QQFloe6mCj2PvQ9SY,8687,https://arweave.net/ikR4UGYWBLZZ5tJg19r68lP67JhoIwdStf6xtroADDU,277
D5X5XXJzQyRmDpcP59HyK6Lv4U86MgG1zMa1wP77FRWm,9YS4V5BzR3c3t82zEQyKVdUFXXm5CiFXKwFbjt1Q7vwh,"Degen Ape #98",https://arweave.net/vI5LSlMPYJ1N1j1Hyu_c8Yhc0fxdmfmJlHNa110tSrA,98,https://arweave.net/WTeCpwepLJbtsp8CdvKKwUpmV6c44nBJ39NYVR7TAuY,278
Ht63THdCT7r5jjLyMdPbHkotcSPyuGEf8FAyZyER9RW6,5sCiCPjpdatbFXvqVijn1QPqEz3s27955K6qhehsWtSn,"Degen Ape #354",https://arweave.net/Tb8Ryonmy4Iy5A490fjyyD13kDtFW4z5A7DutbwCmPM,354,https://arweave.net/8K2gcpDZaZoxd0_pZz8gObQQyCHsGiwEjE1xBHg4ei4,279
6DnF62ott8W9ZsEyGXxGESVG3n8FcGb3cQmsnktKDDkX,8a6Lr2Cf9bJCRiLra9mZgFseaxRvtq7xLnQzQ7jP2dVt,"Degen Ape #256",https://arweave.net/wI4Ad_Vmut1PBjhxWWZkcyfD-bhcc0Cgntu5levnuhw,256,https://arweave.net/MGRDH55oiIH3BpGKVLIw4hzAE7UpuxN3EkLTumAW57M,281
6cn656yqw6XCKxRQpXGquDh9mnZ3HWKdBr9EtCTR6U2t,HwmZ7rruVXHjXdaZC62Vgb4BFXnkv2u93tBgS3YtfN2X,"","","","",286
ACvc7zGDfkLnpuZP3NrPALFWV6TvELNZWWpuaXxjRLpb,8JGmK5k19siCQVZo3qEbNXHUnBRnYUJisXx5XSBPXKmv,"","","","",290
HH4srRDAwLuBphpkKASpo68sStgHtJqm69hAnxHpxJh4,8JC4jqy27VmwDRitePnnCza2VoK2mTQ5ymr5k82Uejo7,"Degen Ape #6004",https://arweave.net/VKL80s2HZlFevAjwwT0JIoHpws6wtnMil-NfT_dog4o,6004,https://arweave.net/qa9BUfpOqkQ8v6e0oPzYpNyP071KM1HthJS58ZK5JzQ,292
79ffEtyE2wr4vCts5hsokhq4kVr1dGtdpQSmtHjAYyts,J22Mm5nXjrvCtVt6bdQXFhBSZLMofy2S2iW7hhJWZX1X,"Degen Ape #9891",https://arweave.net/295dSAQgbf-oEQS8WWXO4fap-CtkrjYYKVMyuJjimIg,9891,https://arweave.net/lY8xubJ0uBO762QnaVvMsXKXS2xTw6Jl2_yXopAyL6Q,300
BPPH9XR73WZGskzUMuSczYFZZQofyK52eNArpLzKbT1T,By53gB22HYm9VXSDMJwNNC1nk6zmEYWo4WdW21Py8VAc,"Degen Ape #3011",https://arweave.net/Qb4Ame729-s18IcmcnFHIIuScwVT5fIcRlO5NdBFIyI,3011,https://arweave.net/CSiKDCVGoxjwCTCPOm5fqiH-yrYZfbBt0LwetoxeEBw,301
7kT6C8TqdURvxrGNAykuRApZiqqxDiCJgP1yjSJRw71S,EMCaPQLq8et4LYaYSxEkrZkYsiFfk9nv9kg4FzqJvz7z,"Degen Ape #3638",https://arweave.net/6cYfDW1EabLkJjmtUQ6Ehk9WoEm-tsT2df1NwksB3hQ,3638,https://arweave.net/Yte_KVHUybKQbtzF2ToKeaGzheZhGM38orB0nEfFYQY,302
6tC6r38Mv4LpVNJAY1ZCLHmfgfpFT4tMogVaz6M5xwoH,G5WpH7oYhVWyE372Xyq469kJFubnjZjmGsVASLqAUSue,"Degen Ape #5334",https://arweave.net/s-vQU2NExrOBpSpG3KxEh0czFHPsZsyD10UDFGRliaQ,5334,https://arweave.net/nNrD15uYrYSPqw8HzGs11HxlhlBONQhWILHof3YQbKQ,311
3RYAk8NZmPvGd6z8inju9qxkpWh8fnf71hgXMuHn6V17,GSE3VvhbGZD1E6guJngchUdpsA5KjDJnYpyktne35wrP,"Degen Ape #6940",https://arweave.net/ctQZPX4IeLkPFcTyo5lJJ5uGi5nVb2COOynGqj5z5v0,6940,https://arweave.net/uBH-6Uo9bpfCLmKIzKwXfXHjigzrv2VFn2WWxhsfy-U,312
8naQtPW2LK5D2PVXLg3LiH3y5uqRLPzJpHwdeQJaSsWx,7ZWgQynceannvMjUgFi8VeP6i3ZQeBfE4UZvWzqr27DF,"Degen Ape #2107",https://arweave.net/9eRSam6kTzsDibx1tJskGqkGTqjmGooUwRVegjHstl8,2107,https://arweave.net/GbnCTcr3VHtxhGEp4rmHQhLhbV8Nlz8P7ijWes3ib2U,313
Bt2F6Qg2FXLnm4EmhLzYg3t4CqLronNZXmvQZL65GStd,6QTtehKzkeYqXfaNiTjRWf6XNtBSd7gkBM1tDtBF51Ro,"Degen Ape #9086",https://arweave.net/TiXJSMKfV22SYgts1SdJgnJCGMwuZFhlYct1TDLa7V0,9086,https://arweave.net/TpP9MkP5zx5naXUPqoHalq8cgdbdMZ-g44FSLbTSUvw,315
Ch7TMDZ5yWLEe2CXce6KZqAkLbFnGo3A74T5RwmM5cvq,45Lv47tEeQz9KXY7HTrMN68Y6wZrZneNanFQg8phYAvB,"Degen Ape #7903",https://arweave.net/ok7KDDNJZcx5O2KUTcjiJNhDrvs4jGbHjXlrD4i0mF4,7903,https://arweave.net/OggR1xFXtGNkdrqx8R5N5abwYb1stl6EMqnb3vs_41o,316
EssdwKVDwuPTr2pybeCarZmrsHMSWWfXQene6hFuhCb5,6XyXC9Tq65o52TMLoNtBhxQKBtET62ou3FPxTnnLc7oC,"Degen Ape #9238",https://arweave.net/AxkdPiBL01daQTG-X-CA8Q9qWZ5hLXquygtjEdR3fgQ,9238,https://arweave.net/ntfTC3i-AvBvmrNNwcGVQCObko-cppLNPm6zOn4rrW8,317
GXr6qc6VyMHJkcX1DVVYN3RgKkWKtYxdfoPaYzSwPgXg,85oev1y1GpqBsyuWBndh4rn9hgRo4MPZrm6HJkztCmBX,"","","","",318
468LJ2zHNsd65t9sje2BYxy7x5YyhB6Fm5EDjfGaDmNi,9dtMYBYHTPDv3kxQ6iJv4BAnDVyx52fPsDsh4Qtp84gJ,"Degen Ape #1072",https://arweave.net/8eExveiKW3f79S0lvEhc6GWz4kTU6lfTPYBc7OqFSC8,1072,https://arweave.net/iarQ9qhHUb8FNi7K3_zDx74HFFmVoOmy2aGJr74a1dg,320
9vNVjPoSqSfzGniVx7vgD3gxKWTpxmS58YEs8iYvQZet,B6iS8Nd6L3dw3io8JxXpVmwFcPMTss8NVL2j268nn8fL,"Degen Ape #5647",https://arweave.net/2V6ms3O21-LajREo_C9vgn6iMEgWLsckOE0OikGa_xc,5647,https://arweave.net/QeIRgAfUJ5_FqZleRTR7rmtd3LSEvJdeZs05a9GYFrg,323
D194ieX1uXYTFNWGnxD7jgzGZUzbuGM2FVRwyUYtGqLd,2NHNyof3SodBvCbS6zETRgkDD6ah8tUkLHhCnvmGCjYQ,"Degen Ape #8487",https://arweave.net/qsQoLF0wQ9aZ7w5Kjm2kaocoq03TrDXcPkTesVoiA8k,8487,https://arweave.net/O5anSAk1qsWulXc9fsWh1ZbBavQR9ICfFC0tkxW-WvA,324
8fg1uazBSmYnHUjKDoUuqRHTSKcxccfcN6embQoZ1Wvw,3bSwxPVU1EH1BZPcUtqLZzFMJUq5jrkdXkhH8hqGaVWL,"","","","",326
7Euwt13H1TqCkMVYRqqTh9LpKS22zoYjDrbcfUVFYwz5,BUCrwkH6vyA23boQ9C43z3TpvSQHYRF8whDywKdHq92a,"Degen Ape #1176",https://arweave.net/vNSHp8IZWh--X-rX7SNdBInMy7tdMCd0wNXuPQUjclA,1176,https://arweave.net/3meDMyNFm9hy9bG0in0DLZQWIuu3YhyR1ai0vWQitig,331
Hv9eL8yYAp5acqBeHUgjzHevq2Nisj1qgEMEUpUVZnaP,7Pru8cZJtp925Ma9tpFi1dJbkvjnqWT7oa5BrXCcPBuS,"Degen Ape #2414",https://arweave.net/y-vvz-4EwgKJvDT8XHxrRAzUgyOm76-RMs_5_YF60Jg,2414,https://arweave.net/v6Noz5VEt6wrdG0Un-S1C6s90xuWRPeTqVEDuyBxKtA,332
ESAEiVB4wuhzVnHTuRvNVxLZS9LcMcRGUUCkxqc4wFEu,rq6XEVEtGoondAYyZ2EYk8qnKSNovRb9Y9eoDH9D2we,"Degen Ape #693",https://arweave.net/BUAje9GfeHayOu4nLAb7uUJ5bHh5-HjnfHNyTk_-fpo,693,https://arweave.net/5m9celoDJGPlio3qG6B7rYZCeH9q_RfMVhpJJYwGz_Q,337
28NkSvnqhFuHfgDXHdrBCohFbyqwL6FpfzjYWTXcq6jC,3yrX2ntQKCz54BmSms5rPw7azrFoq8Ez1pFDZtgRZZUc,"Degen Ape #7452",https://arweave.net/EktElatu9xLA_1tdRjFdOeUJB_xMvqBIZUyM57BllPc,7452,https://arweave.net/lIrjBFrMS1qt9Xj9T-QtxO-Q0Bqszr4MMiz8HJKrkyw,338
36gmrwDRYsWHUb3G7BhiBSudibHDvEdTutot8yCipSLs,6NEGUW6y4uyxweWvKAATsBv41v9ifyrhhQJxucc9a4ZY,"","","","",340
HtCrznHDpjV9v5N1RGMnCTzQFZTrwFzD5EaewJvkWYU3,2i17noVV8QcDfTkD1v9tDjzDBLNzhvWZKrJDgP2FhfJx,"","","","",343
DQrvFuZrvtYbHD2gEdHu1NCJJksRNUBgm4RTeikeuaJq,BYpkKf5X128t3vgGfttkiSHdorA5txEUGu5HGz6PHiSe,"","","","",344
HEpMdgH33ZVPCqQE9rBPQQ3v7bPH3bTuzkCLd98yuva7,GtJztH6nZrSHmWsQsKNnV4kbGjbLJr2qhki9n1PJzQHK,"Degen Ape #8007",https://arweave.net/alLI_R0dIq8sEJV-YXBePqGi9de86MIABEJCLrboEJo,8007,https://arweave.net/ZqQz6-svGeWy-Hp7DwtyC9EObm7T9NTXovaQuPyzXsY,361
LenPTL5yC84EnkVbsca71YX7mjvFseMyRjoKDmMgSt9,HPHXPjNYg5pLUAziKLAdgurrLis7tnjemdS9S9ChnCPW,"Degen Ape #5113",https://arweave.net/5lmRgp-D5FDJmttIjf-oW5oIfwyROywVOXCclYK4-Xc,5113,https://arweave.net/ZKLGZoOofgb1C4Ar1XqEAXt2cOqEegiHYLJQUt9mfvQ,366
81uiomiZRX6iLZcdq8p3pNVuaPiJNRamcpu6xwDnDPmQ,4qBEqcSidyvXXzb2Kk8HUwYrpWbU9uaJrb1G1ZzCcArN,"Degen Ape #1591",https://arweave.net/hvj7GpwVNS3HoxERD_1uymi8NzcPFIAFywoVH8yo5X0,1591,https://arweave.net/kHzWE3tFRAWHIwzCvvh5aI7W7mlJWKxXEkz_M6ylzM0,372
FKcmSsLwqtYfySSqHyy42mWmichDixmp93wH1yqu9GS4,EDGRavW9rr98ycURkfD6pb451VSApYcLuo2hoy1twkpN,"Degen Ape #5760",https://arweave.net/5DIEEKJtLTEEjZJNoj6fUr7-SFhkC2-FWlHnrki8MTk,5760,https://arweave.net/NTPpYkpyMF65lVSa_i8zmQza8XUum90ZRoGcbNts7SY,381
hzEDyHSKRHSPXMy7oJzmcRJjE97fe8K5yCgvSu2ufKN,HYKPSDTDArPULHG5ycsi6yq8RUDrkeRorjEcHZio6GfT,"Degen Ape #7681",https://arweave.net/Y1ip3QwW1gsRpZ694FQvfiWPhTG1XF3qORwM4luZkQs,7681,https://arweave.net/cBp6RFwmncchOL071pxZTdgmBnAI0IWZJ6sQnYmmf00,383
Ey9MqxRYjJY8kcPrEQjK8zNS9NxrHoGd9zBxGa3hHkTv,78mgyFvaH52AwfB8M5MPB2FFy6cbDmV5oouV4XtSYFTW,"Degen Ape #4171",https://arweave.net/yA9nxjr6WdlZyzzyu1ZkYHF74nNmochi0KH4xnj-01A,4171,https://arweave.net/RuvUi0AFFQsrbQ4ie7635NRfhTIMKJl_LF2Wkd9pUzk,386
8VpHfjedg1eBNgUeoBwWgAqs7HFgjNHUh686ud6WvpXT,2DnKD3dEaTzYWVwodS3UCHjSamfJkzVyNPNqiNUYvFsV,"Degen Ape #7238",https://arweave.net/RVb52jJS15zxAEMZ4AoBrg2-J4pcZRyV_K8CduA6m8E,7238,https://arweave.net/z7IF6MkhO6cwZ1bYKIpB-mfBYRqPnnNkIYf3lUfOrHo,388
CBvvgZYbTEq7HzQiDq75dDKybAyyVgL76wjDk4fMF929,DX57ngTXRztJuNYqPek1dtb21fC3uLdLPgEMd3EYVAJi,"","","","",394
9e4SPNbWSuxWLGiMeCNmNk5LzNdfn7nRWVoXpJjF31Kq,8vX5EV8AddvoWg47VmbedmY73kMwcYRX6qJTxNrv4gSs,"Degen Ape #1707",https://arweave.net/fiIxkzxEV7D2e19__HeThgROGgHuzyF8Dx-Lp1ASWmo,1707,https://arweave.net/V4wXGjqLQdPPY8i9LgLN_R3GdIW9UuNAeg0_r2h4IYM,409
62x9iQkRtUfSatJaxgRf6GcQ7AQy2gnHxVqbsLJkGfFz,3ngiF4hqyrNetYHhWZnvM3wnc7wig1EXt9A5pr7LdQFR,"Degen Ape #2496",https://arweave.net/ku4wUtrqOybFrDBxTwXve-YIqTXQS60Ohb0ApjcT50s,2496,https://arweave.net/GFeczzmbZ52W2xyenIKvyLfcpiEQUyF0mxQ4sugbwRY,416
DK63jr51wBgxztHmnQfDzkPnDfg1Jos2qLeFeahfiKKx,BiSni2XR8R62TnXCfonikTiXCkWrkv5xwR3eDu3W1HSR,"","","","",422
DEDLSY9bZj2MFxgRmhdwZUX9bwYUKTUUe9VoPzSiNitV,B78v8bagMNG4AKFKJZyhc68ky7p69bCz1Gkve5jCfPZT,"Degen Ape #5725",https://arweave.net/6wOnPDnY5K88ecwe058f3xrBeqXWJcIvxJFen5gaTLw,5725,https://arweave.net/B3N3J1ryfSdrbHYvYCKJtNY8BINlpQ_JFhbiQncZdfA,423
BvGmaUbKFuxPGrZ8KjdS6CMpxMWGyFA8d8Kk7S1UYoLv,S16N3DaaSuF2QfUFRCosjPq2T7r4otfHaAbTvfbQ8dr,"Degen Ape #2584",https://arweave.net/isKKQE8VN16BbVMQoSGiZUdO1Mkx3tnM0pfM4zRtgPI,2584,https://arweave.net/VJYmPmkvOzJI7y0_CRuqsStnlaC3vWtvGGzXZrz2Ys4,425
4JKSSYD5bmzB16d5fLzTsQ3SP7HZkQ8CFgTCXV97ob6w,GPNk3kFGjWyLLoNG6iWRGcgJFpatqeMSnuViWpygSSPc,"","","","",434
756QFisoeHA2SkHgS8VAzYGeFMSXMGYvMgjjSyqYQJak,4FjtFsb3uHBPCacQ8K5SPoXcQRBtToSW9qpWFMcizKDo,"Degen Ape #801",https://arweave.net/4hBHSdcHmPJ39182d7J6YqVNPc-5VrvlnRdJ2w5GYRs,801,https://arweave.net/Y8kHiu8fGgsfsSFXEEJh5qHOUarWb22EqvZrfyw8i-k,435
4sD1XVAog4sqAn3jSzLgD1Le7AkZQrfBESvn5bjAFPvS,Ag4uGLMaj8c1q9utvgZEu81QbMhRJcgnvytVXcarUnq5,"Degen Ape #9923",https://arweave.net/63Y9NsFWxhPEOfhFcR214zn5UHg4-bes4molMsLvWSg,9923,https://arweave.net/GjVFTTxDiz8natD7Zcjc8XkJVF-CXIH-HP06XA6u3Yc,436
EWjSCbCCByfVE5LPgyjUFKx9xUt1XC9DKg5FExyV9m5s,F35ycYFkuM2bS19cgnMaqeNPAfUBwPEASiqnt2tcD3P2,"Degen Ape #9186",https://arweave.net/SoYNURaHN0AxzOX2dtDL_cakbZ-QhGHc69PBEsUj_Dc,9186,https://arweave.net/RSZUKgc1jzKJGjLHBOvDmWB6aTzeTNIo-MPcWPHJb5s,437
DLhzXkHnAVZvDrKsFpiVpCsu6MxswEb6UMSfKVv4W7LQ,9VoYBH5gKMK1zsH4kQJEU6v4wYketjqhpSzqchq2ujJd,"Degen Ape #8149",https://arweave.net/HxxK9S8okC3uSkKRQFKk77fR7mQub6HZS3bJv2qbTSc,8149,https://arweave.net/PsUDic33WJmk_1lLacDgphYfltUox4Nn23cKuQhzMAM,442
EinVee77tzTSaCW9m617cySFu3wCvXJzd6J5j5ztHn9n,3wzjAdAj6P3tA9VpPLSC8HdypAGQk1Mcd8avikhuRVAz,"Degen Ape #5995",https://arweave.net/lIzrPxrB8Bj7G2JgxVm8o_FCYFEZUsgwZY94ZMHexlQ,5995,https://arweave.net/rzMfCJJcLgSfVu0GdE-lYN2aZEEwhM6lmTAbUPS79hk,446
GgeqBAyQHVY5JGMtAqRcitSiXVVTb8XTdKWCSxmHPNG7,BnpZ52DDpdwHkXSbcoCUYe7fmTWUABy74qNP6crBKWum,"Degen Ape #5978",https://arweave.net/Hc9IF5vIm7JYLxAPI3XrsWx13XZkMTDIh9QHz9JDYtc,5978,https://arweave.net/UwLDT7IgOKM0CoW12cExoERJaaLECPU1Li-guakWSDc,448
7cS8NztjvPutJNLuFLABsrUwQSKqth2p8Gp1jqKUp651,8GjRPUtWsjbRgNL5bmhTNCU5h4devxspcTFkggM6cFjg,"","","","",449
614uz7YTJca7ue69SfkHP8eRYv56uVM79p1hbGVXyC9L,8hpnZtkd8tPoEztZpLRjiKxtSwKrStvEDJLw7wXCQsSu,"Degen Ape #2789",https://arweave.net/mcjCxu4XTAsMnibX8TnQA128o9l5XtFCpmUmJNQPZ6M,2789,https://arweave.net/vwjo7icsRMcg113yuiN37Ft3ayKJQ5r276XQov9xEmI,452
F1Tn1hJsZf8mfUnUYtmFUgypYLyRVzdXh4xuswyHc7rJ,BJv9Xjmoyazrp9e9u1HBsoV7g6rMpUF6PmQnEkGomVRa,"Degen Ape #5439",https://arweave.net/HDj_CiOvP36URJ0e1oBlFYT1QaMO-zMxPRVknCwmmvw,5439,https://arweave.net/f33WOK1xvTvmCQRZF7uTb4WSqyXrlu7SKhQ-GrBT72o,456
AepBGvBD3s6zS2bEuzHzy8QWXNS2K1Gt6wbaLMgL4DzC,AjY6ZSZmBVsBypZ5Vc1VBUsBzhcP1XVMFNCpAhsEyam6,"Degen Ape #6349",https://arweave.net/o-Dh_Ap9m2GR4kglvBvKquDS-xLMMWFsm-zmXPyP-Aw,6349,https://arweave.net/Bp53m7I8m88qk_x_vZ8AiYFaDEwDi8BQjlafcQjnAYQ,461
C2nuXNSXjbnfUCWTafWyAhNpKthuGo84X35MqF94pPoy,2DBL22n4e1cXd8rr6h5fNU8rCHcATrYu5ykrcB9XqnDk,"Degen Ape #774",https://arweave.net/U48WMixPIXkTUGKmOtw-AF40vHWBLsHlBD_I-69Ug7A,774,https://arweave.net/lRnsxATufGnyoPAdSR1VaHlFTIonxBvG7AMXQdu81Sk,462
FPZQwx97qEYfHSeBUxUgFMaxL2FnSqbcErZJwGwK2jxf,Ggs3GgG2YtTJoGFmb1enP5jXdYxzumSpmePQvTnNX34L,"Degen Ape #3792",https://arweave.net/OBoCTClWqX3p7Xf0skE70m2BmScB2rUUV8bbiABQ4gA,3792,https://arweave.net/AtMADRCgDv7gsfwea9LmQFeFd8i9dPDa8Lf3Ldf_yiM,465
zkNgdzqmkG44R4EpugCa9oT1EcsHFdymcS3T5Ek1f9j,7CLkYN2HxNVPMF91qDVy7KMBAu9Awio3uesNYbrrGv1N,"Degen Ape #1769",https://arweave.net/S2K5qUlox_nUNHihnPfkJegriPh5STSXwIlcxYpeQN4,1769,https://arweave.net/fKZFPAN5_t2w6d3eWCL10dSQO88ogRd5ldsjDRBLoaM,466
2c2oy5HGuQLTjPBBM49ycvJeqYPfQG6mFNzaNBJkLiaw,AKsrvXisLktpQJrZSkfw3nuBh8cAKEVNFmgBcDVZq3dH,"Degen Ape #7819",https://arweave.net/EZciIhwvKLlk0PKYD9Mg92TBT9ToZGvOSta35nocFW0,7819,https://arweave.net/ZdF3U09pV78JekFXuILwCYG3AdZK_gmllVVdTz9Kuc8,467
8Yzsbw7SvizRjTstbuAzCAnp8sxvubB1meEytsxA7z8b,8N8VJ8Gd3KYZYC7MoN9exvc4wd97MiuQyEmKuuLrrrJ2,"Degen Ape #4058",https://arweave.net/CZLaOBUMlIYFfBgIzRqtpNG_fG5FcRSHBgAkLtHxVSs,4058,https://arweave.net/BgmPGK1kvM7PosQ4y2VIwCF09air5SqK636BUuy3Wng,468
7omxt5n2UZyffzFPDBngcsYE38MsQTpkrupqNWjnBNZF,6GR4poh9MhG6BVXHBVa7hm7Lqv6vP6895aGFHqAwJJS8,"Degen Ape #6235",https://arweave.net/0uxZy2rzO2Hbl6gUByUPUIaLxGsNS4HgK9V8OrzJhbc,6235,https://arweave.net/vUQaPyu923j4beg2_dw0D1gt-PKk4HU66PJN1cvBhqU,469
HcR8g3jc9isN5PqH7PMEsAcAvdJr7dQwQCchAdwsoP1T,D6xvhzR9wpztGdT8RKf2yw19Grhq2iD6t3Uo6iJcqSqJ,"","","","",470
4Zs4qf3YKVWXJisALegLr4i4tdzEpC9Q8yXrCW6gzNYi,51iFwBVEZVe7rqSUMq4bvnXQoBc7cMNg6hb2BseN784D,"","","","",471
F7n2qCWi92pA1dVfiEES7rVWk62ZNbvECwBPqt7dnk61,79J1YMADZF4oZb9Edgo3PU7qXyRWMCrnucnrakpk82mT,"Degen Ape #1839",https://arweave.net/De7l0-T6Rc4DGQqIJfZKKXbOy09lWURA7kFQBhDHkRU,1839,https://arweave.net/sKxGH1W0ze4EvhgX7H9ZfsZfiVEIJbcPdL4lngmLzsA,473
FwRD7r5is42ZThR4rZdt2TQFvwsDuGymaSuHK1LWyy7d,7f5LJ5sy2uyKBpQ2ubN2eKmpYRu2TJ5pBaw6svjH4NFs,"Degen Ape #9159",https://arweave.net/5DAAqqC_YwhWuivMuMP_wxxPoY-ZStfcZP3E4PYF4IY,9159,https://arweave.net/7dScj0vQVvhhJuQ7e741ogr9gRrx-K8NNqnBvc1ST80,475
BYLQPFbv82bKUzcLdJD2QLAWzBcxqGRRg6GmGQhr94za,3X2eE1w4EQgriVSnuknMV7LYdR1MASUwxFFvWCRtcwzN,"Degen Ape #7949",https://arweave.net/1oP33VLekQXrHiz0MTlWAZsesS1HoktJm-2jJOvoZhg,7949,https://arweave.net/z1Hc8Z_KwuGkbpUH3cIZBR8lVgm3FLpPGW7B307ZAXg,482
CbtLJx6FNsCcxwmgXaJaYjS22ywnahr4QGRmqHvg1n8n,4FpQT2FtnftbWMk9NfupHhZj55bbmLmkViQ4FtP3WNCP,"Degen Ape #5482",https://arweave.net/LhROGZrOyqrYw06YDoFGS58GKUen7MBWjLoZ0q04S2w,5482,https://arweave.net/tuuingfjmnyDZUSgFoCNVgNvNOTheqx-yIXdYZKhmLI,483
5XjyBy9kJHrcRvv4QP95aqCbNU1q4ahNCHWwbaGtfMtG,4rZehF8oEbP1SWKXGHY3BF4USKsQw4yF1SPQp9EQsqD4,"Degen Ape #4060",https://arweave.net/DMyAtIwH8mfOGRwFXUCswlw_QqxYH_Z_uLyZYZTL1cA,4060,https://arweave.net/gJfPtmh0OGzVpQP-HorcSJQAve4N01whcsiz6JUoFgw,486
AsyERfRTPdkgguKRAxjB3MiGQnxfgcD2a7TaYfpEvFYV,AacmVZzw1LvyMgYK1MGgKDRysSgGAGpafn2dNVvTfrtN,"Degen Ape #4766",https://arweave.net/A2hMZQ0dBCGsqCvfWcIMb3oCBMjhXPY-qrtUpHSRhnE,4766,https://arweave.net/QpSFpeH9iUQeAjcXEcRzo0LRSvyxOlg5rAgnZNzQLfY,487
Q2ovDeaY25A4wLnhok5Q3TmTjsShBtfEqHkX2DmWSTY,3bTFe43z4ASX3ziTgMnpch74f5HfqXNypjtuA16Jv5F9,"","","","",492
ojxF2CjGy196EbYRstqBSLBMtJB4ERVyBPndih725VV,FM7QmgAEgXMtQg6opaa24peSEMYcATQMXuKdkZQTc6Z9,"Degen Ape #3658",https://arweave.net/dlrozcrJBpzH3L_BCCabyP90_Xw5bFTwhwW5mUjcJdU,3658,https://arweave.net/I40skJdLS_vpfs5QT4BYqtp3eQphN4iC6TSYHTUSldU,496
A3jVzX1uJMTitCRGABzPx6Xuz8KHcNAKHT487UjkH8rJ,FdM9VSHVWhfTosY28p3927ZkkiLvmuV2xPzYWPtRGToz,"","","","",497
6BQ89fptvrKbaZBxL2YJfC2PTQBCJuvEDWQ31PoQxKMJ,FBuibD3gVEj4u9UkWesCvGSW9PMP17cdCcuRgpcygeF9,"Degen Ape #7273",https://arweave.net/BnR4UqN65Pr3NidRo5oQA9sCQ-NiIdnWStBSkJfs52k,7273,https://arweave.net/AQzZ9OVWDWT2EuKLOwthL5OLFhq1pvGXjpI5Lvwen7w,502
5iLCoNCuzGPjSBNbyJAqaLYv9eL8ZBWfxFeRgKufJAUW,9AJ4hPMHwqYDEzgpSbUambtTwgMXVxDDpPxQTZx7FGZV,"Degen Ape #1505",https://arweave.net/felOWLh9BMSZjPLgdWg-OrNdvt-HJizaAuA0zpkjH-Y,1505,https://arweave.net/DHBKz36laAIL51HbONvGxFENO7F4vqjlske-ngrgaBM,507
GvvHZeR3ncMjYoo4jckrkjFfkruP2i3NnXZERmYtWVgv,8ei17FXdMjz9iJS9HP6amoGkkDBWXJtRyF9MKxcRaMEN,"Degen Ape #159",https://arweave.net/KrGNn2hinkmnldxdK5wciFlWM6VMZHTAxwpBGY_aIW4,159,https://arweave.net/Wv7nfT5Wly0k_ZKEos_-SE5Vb8e-UZl_IjTInYPkdfw,509
CEGW4cjuoLJ97hB9mhgZUocghtaMibZ64agUviHyoQF1,2fnXSiZPSXsyS9xr35nYykz4bnzhiMpe1QKRoiwx2huU,"Degen Ape #2655",https://arweave.net/v9Tdi3XCMc_dO6qAKy50K9UyJDYVGSsa6T4rA0P2e1U,2655,https://arweave.net/2LBuacRI_sVHbEJwLz_jh9m116smpJeArx01vYep7Xk,511
7qLiReYxwpB5Df1mEkkPU4DaQ5J5NFHVxGdUsmsuKANY,BV6ZhLRLaDEZZkM1w1tnijBQzE1QDV7TifbSEbUMTZZ5,"Degen Ape #217",https://arweave.net/yMuuF9ejIR12i8J6SCNFgk8kVPYap0Kqz-fMB7_X1JU,217,https://arweave.net/pdQGuB7sSawuW45rrMy-3Sx578_dp5KRlok1aWGOHaM,513
6aQZSKXsLjgTdtgpGySYQETYDAG4dK5ReJkEi6GnfKEj,4vSEMhrAeqqAnmPaJGJAEhWD3y3bpmqeP2zmQtdeWgLi,"Degen Ape #3507",https://arweave.net/aD0O_-FHWIQGJsrF3Xk8SVp069xv9c6ac6mqrKZNn4I,3507,https://arweave.net/5O-CEHsVXgZrD82n-ZT5D_NBUXUaKkPY1xu_m-DbhqA,516
EvWTY5MjNGSh54TYKjerK6gjcKxkBQ1WXwxbqxmhzwZT,7DJDwJ89bzgMhX7EU41zmP2BYGLMxbC16KunKV4dSRun,"Degen Ape #4034",https://arweave.net/Bbj4ZUejysTL9f3m5Rwa9VXPMkUTAo4q66l-0HigKu0,4034,https://arweave.net/OgPySuObO9aeMaMFhrMmx61jk0eaX1JN4ks4zuk0rGw,522
hQfYEo7sEPu6zAn8ehMCm33bkfgg7uhKR8yAsfjJRr4,CUzZQe3m1RQfp1cz5ifDVLGTd3WAS4VebXy53mQ9XHfP,"Degen Ape #1719",https://arweave.net/DTP14gKa8Q3Ta398CaBPbmiS2IgvYkwQVvabXSjQnFw,1719,https://arweave.net/ixiYeNPcF5VTFaFzOcaV1lcz_ejDvqK7uf-1hzzN5Js,524
6uvBvFDvjCvmUnFu5MuAtEJFPcES2ZpQnMrqEqiRbvio,2X5uysx4x95E8DCkpgkB23zR7pZq1PCCyCuXWWRgJy47,"Degen Ape #8924",https://arweave.net/K2Iu3Mn_E-aOoPrwY7qabRooYOvX2EyJ4JjWhQmXB3Q,8924,https://arweave.net/DKtvZNb0FQKKsAxwsJdEG_BGvEfcLUCooUiLgYI8dcc,527
2W9L3EgKZgo6BU5FgbaQweCrF9vkhieunpfh8fZbjiPt,FC22MCrAZYDCdAaWr9scj5HG9TdsjrEcKkcKAyQAUG3R,"Degen Ape #6823",https://arweave.net/v4uhcgP6q5WnuOzJDEkwIq9yMxrgj_bxCe_E7jV9WHM,6823,https://arweave.net/kd_cXGYagwdtGMw76ariVyqPQK6anfOjABAMeAtZm6s,528
9nbB9dHMrWkFV1VGijfbdYRtuBu8712ehTVScZ3VGBQY,3qrp38B4h3hbCQceLgyz1B4uPVBaMdDmZytsfv6PdviX,"Degen Ape #4457",https://arweave.net/lcLI--tDd4pkYYnBe84dlMPU_Bm2rpCkCqe67WwtfN8,4457,https://arweave.net/QMGzhqixpTaCVXFRhBS4iDBGyeaET0JDgiYcnDC_fbk,529
AErFXRFobDFzy1A5KkoTGPagHh4HySaNZFUXxFDmFcy6,3oZ1st6N1jaUfwcjmNQXmZ6aNADfhHU5qgWt3zubdWYF,"","","","",530
HLsUbKSpK252aUs99RDojg2Ah9sFfYet93xht6r1LSJx,AaxkyM9c94oMVaMRMGAGXA9vc5guvjX7cabtQs8X64N5,"Degen Ape #4409",https://arweave.net/Yt8zL6CxBCp_MZ4nNQ4QcwLFGygihNkspOxR1qvPiSc,4409,https://arweave.net/EtIy-wItlP0trmPiCW5VfPKuKb55c0Uxv2mEyW6elIg,534
FnhT5jzQF6HHqnDk5Zmf9PDFX7Cce6wgJCBd26Snqz6m,Cg37e7dzoDZxUzE4jdVp24TQwL3GbmhEDKbJAPV1otaN,"Degen Ape #3053",https://arweave.net/2V8jy67P7URF5o1IGQdPaxn3fRkbQJkYYx-WmFwqGao,3053,https://arweave.net/aGqZSLEMIJ5LVM1J_ZqX2RuAbJlY8chIyLaLbby133Y,535
5Ha4JqyBcxZj71f3GDwAhbGKqz5yhc7EEz5jg9jfUUQ9,CBR64YUjgwsi4FU7VhU842rqMSXB8Lja7NMTUrcnwJG5,"","","","",538
9vDFRtKXA4oxxF7VPcw4UL5akf6RzsfNRQqtczupZg88,5MmDbhAd1332y7TDLtNaLQRSSvTq6jDdxwULn2h9vQht,"Degen Ape #810",https://arweave.net/_0__u7D9XGaHXX_YmsyvWDLJo8gZL8S4sL9KrFXH5TQ,810,https://arweave.net/_wjtsNMd2wHJN7MtMJw4OaS0vAaaS6wXvDkt08Dpt_4,539
5LwhqhAHEfztv2cbZSqRbx7NVXm5WJS3XtaWqhYdMJYL,JDnd4taB2C3foYrZ9EoP8nqJhxdFCvhhAywyktra2Axv,"Degen Ape #4296",https://arweave.net/JdqUpZTSpm2l2kFgFGEj5o1JdI2WaIM1pOhLNS6N_jw,4296,https://arweave.net/Wjv9UKnH7nNbdJaE4MYrrcHJ_0TxF5m6AXqFj4CPfrY,546
6LxJ4MWUxY4vbTZdX95Uuufah4KfmDrJoyv7BbbZ5N7X,EdHsGM9gSWrMhS1CQkW75b74Xhjy4voQoks5Qa9mEE1m,"Degen Ape #8755",https://arweave.net/ejMfNk1tXT7Z9nii8a4EHTm2v_4E5qSS81Wlswh7zB4,8755,https://arweave.net/tO3CMOmi5tqTluJyR-yobuG4VXu48Lnxyj1c66mqHtc,554
CZ1uDrwvtdKCJjJPVBHAARQYR54JGwp4VjdoBAvyg2K9,HSkzDt8EePNMb9AcqbMUUkVHxQt14uW2uU9e489n1qkc,"Degen Ape #4762",https://arweave.net/th0_Y-Mv1iwD9NwJOU5K-eHT3DCz0KsT-80hWYP30nI,4762,https://arweave.net/yu-2DOrT_3oqFUaGcJIvCEpKJjglN_0eftmo1niTvLQ,557
A4DYuSmTQ5Mek2fDNBiyTUVBRoYpAkf2GHdwz3f82j3L,8QoS2pjAQ8653Ew3ww8VzTZwUhr9Qrwh3cbdE4zeygtL,"Degen Ape #5052",https://arweave.net/G62-2nZkn5AhibJ_900XlLy-iUf2cVvWoqFe57hGN7s,5052,https://arweave.net/oVpASRsogO2W2QDuPLEnE0Gu7pGP_-lE6wP_VFODr_4,561
6P5vEbfWHRQu88xQh7apEwr6GFCt3zxGWxattyECwUdF,6k8dndjBdcm5maEiXLdQd2iF6YT7egqihWFGCWzn23h8,"","","","",573
8ZBZjx5qGech8uF75uzW9HcxrNhPXfgs8F7VuERVdrZz,GUiSCQ3bwX3EkpCNPiGRkWH4YRWmxX8kG2sadY6ZoAjY,"","","","",578
8JgAR39M1sEwNNiTtmiAPGSyFxt353zHpNhgJnVmYsYX,4dKfBxV98nihss4s4Tyer4LugZjMdyB47kuupmy5XLVo,"Degen Ape #3827",https://arweave.net/xtM599hd4K_2kFGuD-Gwq9la2BxOy2q6tRVSErH7N3E,3827,https://arweave.net/Z32mWGyPoNtyUqCCM6i19s9hA_XgI0nTBlT3H4nQcuA,581
DoCgDiivxwVgZepSsEEQxaPN1BLVAcKh7efwTZzD5ceS,7E74NZP5hch3mrHSAYeFrrUcER3Z1jwCd8f2i7xsg8LA,"","","","",589
EKnQAFKBHDqxEG9iKkrQu545XzHmy16svL9b2HejQKmw,3vAE8knZfVTzwLURVZvx2Bb4R9MVWzmshAnhTC7iunuY,"Degen Ape #4873",https://arweave.net/ulZy5ttcnM-jFk_USGteDSxAHmo-CF-9ZkYV8Bgrff4,4873,https://arweave.net/WxbZ8oQBDV9Hacnm00stqKxMRqTm6MlkjoA42ntkA9A,590
ANDyok6wZngEa7ULJypgewAeuqbQWCBGxV2jsaNgCiUM,8K92QNNEwWvx6vodTXAPfVw2JAd3Bvh4cmDErXuSqcqa,"Degen Ape #173",https://arweave.net/7vSvROY2K62_kRXWjPKi9B2Ry8rBa4k0vJcSp38aq9Q,173,https://arweave.net/SXrhE1gscj7TFYBrjO9sLz2XVxkQVaggVaHJqmmmXaE,595
Hv8sZCbPiwdNAnWehQFt5bvU6voWP6mjnVWj3mCNFJ5X,7mCNKgqBrsmqKS27dyoFY1XT356JyFQsQHStngjqXwpB,"Degen Ape #5152",https://arweave.net/yTGb986OiGjbKeSOzj8khdGN36cKjiRc0UsvNnobFWk,5152,https://arweave.net/Xm9rFamm-LsL373F7APXzA9o8UEa6jhoun12_SJcUYg,617
6jhQjTg1ocgZ6ajabh4LqLH5bjDs7ThxtfbxeProdCqR,Ec9GXfCayNoqcSFFEuoe4SNFgEQ3kYA7JMXtke3XqeE,"Degen Ape #8683",https://arweave.net/bWE8pnPItvZnxMoeL9K3Ho508TdkG-6fkpS27pZxesA,8683,https://arweave.net/fBnz7XEwEo5BzMssbxcO-Jk8FzWhmDrd4KJqoIQLGe4,622
6rhg5jRMG6v4jcgqUSiLttJoZqXRR5G8a6PpFvjr4orD,8UNZAGwTgAHgQvS5UYB8WESeXnnqJ1yRNbLja2Nui2vq,"Degen Ape #3344",https://arweave.net/fdkaAmiTKXXc_rVBnmKgHq0JivD1XjtEcEQA0oUOcrU,3344,https://arweave.net/azN4rC2QFV587JEnWFzK8AR_VWNYX5J4mwapTXzMI-g,627
7X1PPa7Z9a9H2KKbonZCWCBxPvCofxXvw64gkQgFZWje,5Z7mxjWBjvmnmkeEjnTjszt7txi82jb5Hr9coHiZ3A2c,"","","","",629
3gbTcyMFKh6opyNcKpRRod2Csjz1NtW1GQmf7M1aXjbG,HGofTexGNEQd7rmAKcccSnJqAyVSyhJSBUPJencWutfo,"Degen Ape #1010",https://arweave.net/h-9iKniMKAy9sjhUZwGQa0-PGHEDrui8JVLW8W1F3SA,1010,https://arweave.net/oAFjY1U7pwwVTDGccl2u8MANe4uT5h7cEexKYgqWsMM,635
BKW5axvybzM1k99ttH2ihChSwDF9jp3aaChR2opX7DsL,CkPXxAnVnrXjviyYa9WQeSBTtY36tn9cATvXF5PDFRAa,"Degen Ape #7969",https://arweave.net/HfWae122Do5CAoYOs45tT4gnaBi2EwSxC_hYyeqlab0,7969,https://arweave.net/1a7xym1gVE7Y4_UmNsFVo7Ak2rpXDBi_ChqzSVA3eOQ,640
BNR42tLZbMMsvLhcHLNDw3qNxm6n9A2VqLLxACnuKJ2k,2fdews4MEvE3vohgTX2NBGPmBVdxKcdmCxY532PUif6J,"Degen Ape #4293",https://arweave.net/AZ3kZDANbqNedDzNvi7xxEXZ-RN5KdRkslFtKk7Jhug,4293,https://arweave.net/0ELFs5ti6aCJA8Dflpr3XAM1cHXYrswHQwjaePkJXL0,648
Q31iKE15YsgKSPzfhZm4hxALqKCtS5wxGTQYAGePqeW,J6H8YwxnkSpyC2qxDrf9DPZmLtnYpdY5NHJLhP1Dvf2W,"Degen Ape #2466",https://arweave.net/gX_596wjkso8jpdKpurudjVwIfuhMV1oydI05bt-Y1Y,2466,https://arweave.net/MdEtw9fvMK1umb1J0o2b4_Dc_kpMQmjqVYwkCXOupOo,652
5kLiniuwmhWM1J4GMaH3AFfM2ME722VTjTXtfTUStgEg,BsnLJJzntHrLnRZxEX3eCQDYJqYeYEWerFA89vnmw2u1,"Degen Ape #5791",https://arweave.net/kNZhr2t5hSlr2sShv18aRHF8A2htapdoEbhBrB6FitE,5791,https://arweave.net/-Tpu4EmDK3l3L6LrldWaFKjLK5xjCPuwNb2w9-d9_O0,653
2gQ37ZcF5G8Ebegu3w4LxvN8KHLCGk59EY23717hvmXK,23r2RvZJ3aYnRvtAeWTajKiyXHekeAr8u38Q2Vbh9UhB,"Degen Ape #3454",https://arweave.net/rFCDW3szXh_K-_Ordi888Y_H9V7j98hWMa4_HHSo9HA,3454,https://arweave.net/MF2cCrlosXPLYk7rL5HAsQVz0MNPefRTNwg3PnkE7qs,657
HvPLJ6ErLqPaZ4YZdxJdbkgpAk5g5d6fnDzSDaNsFCmn,G3XkEDiNAv8Kkd74rcjcbJZ37FMCnL1CzWNbuVZPSBsA,"Degen Ape #1547",https://arweave.net/W220dU_rC_MIFXJB5CrpY9HUX3vvIgP4ejumONa8Q9w,1547,https://arweave.net/k6MGRJO9_a8G9ofdslDTzxAur1oe1LnjDDY4cy-7a1s,662
BeqTMYgdxeSrpCshc9xXyE5evnuHCDr84QGztf1Zvy4G,FDFnGGhh1AaQxNrWpjmq4UKFwh24DqubAuzc5DHf7Yyo,"Degen Ape #6052",https://arweave.net/iLJ8uY-sC-NdL21jaCrlszUIuMb-h7sYWd8UnPT6UkI,6052,https://arweave.net/e50EETL42Ngh5IB8S-L4TnVNWOw1uD7gwt_SGiDWy6I,668
2v6JjYRt93Z1h8iTZavSdGdDufocHCFKT8gvHpg3GNko,6erPtcWGSJvpAVDc1keay7yUyFtKLq4SKF4FqWKHYK8G,"","","","",671
J3rDmbg8iBkKazQ3jWkg2tQUTGtVkt4mMaxFggbziJgB,FzHATnRo6MPw33Y9CBDpmcfxUJqL2HaJ5nZxpfTKvGSq,"Degen Ape #7446",https://arweave.net/8Fvq_aUoISUF5neClKMNnu0rA8_PXH3pP-qOM0QEai4,7446,https://arweave.net/OuA0dSVkWffIr07bRxYxRO8Jpgwrb0eWC248QfNwfpI,676
6kTKxTg596YgXztkXLSzJSN1FaV7zpP8Pn1DUcjjwLeH,AriGojxKL7WNp332e8Y4MAS529fNTR5CnPAFWFMGeE7c,"Degen Ape #5942",https://arweave.net/SVtNF3HF53o18ZHy-FlhnUIGEZu1780R3Ukp_MtOULo,5942,https://arweave.net/C1dMX6j3ThjB3A4O49CzLZqX-Ob1TSkOY8wTjFkuoHk,677
3Nd532ZQ6WkkwBSvFz4e8JN7ZWxH3fUWrqZDUWrWM6V6,439vsHCKqUX7qXQik82bB2PPV69fg4P3aYRnmb3EZeZb,"Degen Ape #2531",https://arweave.net/VkvviqG9DqdVmQTa1ueiqgZHIDa5XvDyqutjVqDAa6o,2531,https://arweave.net/a1G5lpdbw5kH3xW_IhglN3ObQ3MinTcr2EeyC7Q6QPM,680
HwpXtyaeVwanAVxzzwEMcKM4PLi288A3YfmH9mHuT8Lx,6H15VkBzG14Gbp8PNx3ojmLj1ugwphzvYn2RLXJUvm2E,"Degen Ape #593",https://arweave.net/jyH5Iuw1k7IMxtePQWTG2pOWl6nNd5nBuhmpKgdCtYo,593,https://arweave.net/16awDa4f1bIXNbvX1R9RqF0V4sn9m1LJMJm9521DdcM,682
8RSNjg8ganJkhTCcJYTsvSsmaNom24bkv93MSfuSQU1y,3eM9Ev7y5HZ7acGAcFUQatfyd2uP3fnFARxyXnqhMXXY,"Degen Ape #9001",https://arweave.net/ctYzPnaK6P6GrSaDSSUoJjnL6ktcuu9ne5MA26991lI,9001,https://arweave.net/9IFyjiM2Mb6hQkXkVe7R11Ckp3zFxNQj4ccxdkZHmcs,683
7iJEZmnsfeXNZ45ZrS6T1aoKWMWgibh1cE8eQcFkQSHV,C1hyTeZdLBRC3Szx2mKKe5ASymzy83XVtmky2xKK4KoP,"Degen Ape #8710",https://arweave.net/TzaDCCHlrgcVWnA5ANNic2IsQSYE-D-SwST37ZwEW6U,8710,https://arweave.net/IcRzvaBCJLVmPjjjmK4OyEMW1pwti85aKQ1Vq1iqh1g,686
EvFp26U82nfqYLKSbT7VDuKMgj5VAsMbJKvQGwpTGDWS,93c5TjHiVinRxXXTFFt4qwbQuezrkkm8Xobs4FFRiMxm,"","","","",688
BuK7Jj4ZZZ2XMgbDUQcREvxgXjg4SppcRydG3aG1BRQL,CiMnqxox8YRyh5Wr3c8ymZ2p5qX7DQj2RF1yTvXQHPYn,"Degen Ape #5270",https://arweave.net/_nAKNyyd4YFGOw0RZwKJD98BJNs0kr--FofmQOJZlHc,5270,https://arweave.net/y4BTjd8fqJCqiQ86ix4wCmgAHKGQM6TYXQ9NxuvbxeI,689
GpBbyB6nke9H6EvYYsa4S5SND3wHyurcpFeKW5fgahLb,yHmUCshqyrWeUMbcrKnJprmvTcT79T3nDHTYajKoCBA,"Degen Ape #7928",https://arweave.net/mRMjQ62OV7-cn0U3cEHLMpEafQiSL4DBo1nCwIrHVu4,7928,https://arweave.net/Czg9fszqyfzvXP7mfBnFxJ25-docxDou0XUGf6OvIjU,691
EtynMg7uQ1xQtAk9BNgGggUUcsX1AZcgjjypiose225C,DaA6JKJMbY848usPhRLca1YXYBH4wTPPSmCwrQEfQv5Q,"","","","",692
3svfxyb3m9tYQZQi9QSKjjiP4eYMQyRLxzyna4aTSJCS,8Lbrf53Aze6yEpNU6ZxJyyRNz2sYSd8X8YSVA3mzd5tB,"","","","",696
J52tTVVKihH9VKWqFsBAAZaEeSzTqkMHBrxXn9ShL2ef,4z244x16xsVmv442jVRctkwGaqjeu1VwyqX35tdj9oH2,"","","","",697
7wcSPURpJs4nx7Mt6ZwTKA79vXLN261bS5H69Kgmoqgb,BCqfzu2c86dfp9rmRHSytqFASzrzqSpvXw6kF5X3sBBh,"Degen Ape #6354",https://arweave.net/LNAknUchv9vyPQIutziUK7glXW3NUct8xAYgkLLtcyY,6354,https://arweave.net/cVteV8ApYPtocQi0RVLMcbr7Nf6hnVNPxxF7qG9WSxU,700
AyJLYWwqByJoHVdwprzcCRCZhKfR5Uveg7WwqYpmUmHH,8A5wPHRdX1wbKwBiM8wxR8PE3zpLnMQt1vVfxV9NF5Nw,"Degen Ape #4258",https://arweave.net/mc5aCG3BsxH50c885Wr5WEsu2ud-0PDGuN6J6GpHvQc,4258,https://arweave.net/iioZgq_51JoiE3MduiGXiYi4mrhKKL7PK9Oh_kMBnbE,703
66Ym5uXqqLk6i8MFnsYbZreHvowF3VxDoftkfF8d4SuX,4kmrajawTKJpZLKvkC4T2izk9tGv3HSjycxcGet1Mjfa,"Degen Ape #4425",https://arweave.net/Ps6eld5sDau5FumJy2d3USVkANuKKvFwU9vo-U4TpnY,4425,https://arweave.net/epFvsVL9vIVYnlgzoVl5LOKfVDHEZbKyJy7jOi_WgPI,705
2JrXxXGiYaadTKcssdZGNBjRNRGESgNzP5HhJTLhF3x6,GAWn2YxwPi91y4xMeEiZ1AnhrGqYg1vKgb4qNyfsKKw1,"","","","",706
BjLChg3ockhhNuCyZuFJjiTAT6C9KQcSMUUDFiDCmZ1H,5RkHCE84jNMBGABHNDJcvHxReYUdFJTUJMEEGAdv4gun,"Degen Ape #5020",https://arweave.net/HSemNUDaslTUmY4CpmgnEH_6HFOl1KlzBMCQRX2PXr8,5020,https://arweave.net/EfeXuxxYkTyQFqTzBM9PJEJGtxPrW8vVvdrSfPUdNKA,708
